-- phpMyAdmin SQL Dump
-- version 4.0.4.1
-- http://www.phpmyadmin.net
--
-- Host: 127.0.0.1
-- Generation Time: Nov 13, 2013 at 09:07 AM
-- Server version: 5.6.11
-- PHP Version: 5.5.3

SET SQL_MODE = "NO_AUTO_VALUE_ON_ZERO";
SET time_zone = "+00:00";


/*!40101 SET @OLD_CHARACTER_SET_CLIENT=@@CHARACTER_SET_CLIENT */;
/*!40101 SET @OLD_CHARACTER_SET_RESULTS=@@CHARACTER_SET_RESULTS */;
/*!40101 SET @OLD_COLLATION_CONNECTION=@@COLLATION_CONNECTION */;
/*!40101 SET NAMES utf8 */;

-- --------------------------------------------------------

--
-- Table structure for table `auditorium`
--

CREATE TABLE IF NOT EXISTS `auditorium` (
  `AuditoriumId` varchar(34) NOT NULL,
  `AuditoriumName` varchar(100) NOT NULL,
  `LocationId` varchar(34) NOT NULL,
  PRIMARY KEY (`AuditoriumId`),
  KEY `LocationId` (`LocationId`)
) ENGINE=InnoDB DEFAULT CHARSET=latin1;

--
-- Dumping data for table `auditorium`
--

INSERT INTO `auditorium` (`AuditoriumId`, `AuditoriumName`, `LocationId`) VALUES
('f3f2fcef-46ed-11e3-b1d3-c80aa9a0db', 'A1', '01235c65-46ec-11e3-b1d3-c80aa9a0'),
('f3f302d9-46ed-11e3-b1d3-c80aa9a0db', 'A2', '01235c65-46ec-11e3-b1d3-c80aa9a0'),
('f3f30466-46ed-11e3-b1d3-c80aa9a0db', 'A3', '01235c65-46ec-11e3-b1d3-c80aa9a0'),
('f3f305ab-46ed-11e3-b1d3-c80aa9a0db', 'A4', '01235c65-46ec-11e3-b1d3-c80aa9a0'),
('f3f306e4-46ed-11e3-b1d3-c80aa9a0db', 'A5', '0123631c-46ec-11e3-b1d3-c80aa9a0'),
('f3f30820-46ed-11e3-b1d3-c80aa9a0db', 'A6', '0123631c-46ec-11e3-b1d3-c80aa9a0'),
('f3f30947-46ed-11e3-b1d3-c80aa9a0db', 'A7', '01236432-46ec-11e3-b1d3-c80aa9a0'),
('f3f30a88-46ed-11e3-b1d3-c80aa9a0db', 'A8', '01236432-46ec-11e3-b1d3-c80aa9a0'),
('f3f30bd5-46ed-11e3-b1d3-c80aa9a0db', 'A9', '01236432-46ec-11e3-b1d3-c80aa9a0'),
('f3f30d05-46ed-11e3-b1d3-c80aa9a0db', 'A10', '01236432-46ec-11e3-b1d3-c80aa9a0'),
('f3f30e2c-46ed-11e3-b1d3-c80aa9a0db', 'A11', '01236515-46ec-11e3-b1d3-c80aa9a0'),
('f3f30f5c-46ed-11e3-b1d3-c80aa9a0db', 'A12', '01236515-46ec-11e3-b1d3-c80aa9a0'),
('f3f310ae-46ed-11e3-b1d3-c80aa9a0db', 'A13', '01236515-46ec-11e3-b1d3-c80aa9a0'),
('f3f311dd-46ed-11e3-b1d3-c80aa9a0db', 'A14', '01236515-46ec-11e3-b1d3-c80aa9a0'),
('f3f3131a-46ed-11e3-b1d3-c80aa9a0db', 'A15', '01236515-46ec-11e3-b1d3-c80aa9a0'),
('f3f31441-46ed-11e3-b1d3-c80aa9a0db', 'A16', '01236432-46ec-11e3-b1d3-c80aa9a0'),
('f3f31597-46ed-11e3-b1d3-c80aa9a0db', 'A17', '01236515-46ec-11e3-b1d3-c80aa9a0'),
('f3f316e9-46ed-11e3-b1d3-c80aa9a0db', 'A18', '012366e3-46ec-11e3-b1d3-c80aa9a0'),
('f3f3182e-46ed-11e3-b1d3-c80aa9a0db', 'A19', '012367d7-46ec-11e3-b1d3-c80aa9a0'),
('f3f31b45-46ed-11e3-b1d3-c80aa9a0db', 'A20', '012368a0-46ec-11e3-b1d3-c80aa9a0');

-- --------------------------------------------------------

--
-- Table structure for table `booking`
--

CREATE TABLE IF NOT EXISTS `booking` (
  `BookingId` varchar(34) NOT NULL,
  `BookingDate` datetime NOT NULL,
  `PlayingDetailId` varchar(34) NOT NULL,
  `UserId` varchar(34) NOT NULL,
  `Note` varchar(255) DEFAULT NULL,
  PRIMARY KEY (`BookingId`),
  KEY `PlayingDetailId` (`PlayingDetailId`),
  KEY `UserId` (`UserId`)
) ENGINE=InnoDB DEFAULT CHARSET=latin1;

--
-- Dumping data for table `booking`
--

INSERT INTO `booking` (`BookingId`, `BookingDate`, `PlayingDetailId`, `UserId`, `Note`) VALUES
('a0303090-479b-11e3-82bc-2c27d728fe', '2013-11-07 00:00:00', 'd95d0753-4798-11e3-82bc-2c27d728f', '20113045-46eb-11e3-b1d3-c80aa9a0', '-'),
('a03034b3-479b-11e3-82bc-2c27d728fe', '2013-11-07 00:00:00', 'd95d0753-4798-11e3-82bc-2c27d728f', '2011276f-46eb-11e3-b1d3-c80aa9a0', '-'),
('a03035b6-479b-11e3-82bc-2c27d728fe', '2013-11-08 00:00:00', 'd95d0753-4798-11e3-82bc-2c27d728f', '20112e7b-46eb-11e3-b1d3-c80aa9a0', '-'),
('a03036a3-479b-11e3-82bc-2c27d728fe', '2013-11-08 00:00:00', '	d95d0753-4798-11e3-82bc-2c27d728f', '20112f6f-46eb-11e3-b1d3-c80aa9a0', '-'),
('a030379e-479b-11e3-82bc-2c27d728fe', '2013-11-08 00:00:00', '	d95d0753-4798-11e3-82bc-2c27d728f', '2011276f-46eb-11e3-b1d3-c80aa9a0', '-'),
('a0303894-479b-11e3-82bc-2c27d728fe', '2013-11-10 00:00:00', '	d95d0753-4798-11e3-82bc-2c27d728f', '20112f6f-46eb-11e3-b1d3-c80aa9a0', '-'),
('a0303984-479b-11e3-82bc-2c27d728fe', '2013-11-08 00:00:00', '	d95d0753-4798-11e3-82bc-2c27d728f', '20112d3b-46eb-11e3-b1d3-c80aa9a0', '-'),
('a0303a72-479b-11e3-82bc-2c27d728fe', '2013-11-08 00:00:00', '	d95d0753-4798-11e3-82bc-2c27d728f', '20112f6f-46eb-11e3-b1d3-c80aa9a0', '-'),
('a0303b79-479b-11e3-82bc-2c27d728fe', '2013-11-07 00:00:00', '	d95d07fa-4798-11e3-82bc-2c27d728f', '20112f6f-46eb-11e3-b1d3-c80aa9a0', '-'),
('a0303c65-479b-11e3-82bc-2c27d728fe', '2013-11-08 00:00:00', '	d95d07fa-4798-11e3-82bc-2c27d728f', '20113045-46eb-11e3-b1d3-c80aa9a0', '-'),
('a0303d52-479b-11e3-82bc-2c27d728fe', '2013-11-09 00:00:00', '	d95d07fa-4798-11e3-82bc-2c27d728f', '20112d3b-46eb-11e3-b1d3-c80aa9a0', '-'),
('a0303e3d-479b-11e3-82bc-2c27d728fe', '2013-11-07 00:00:00', '	d95d07fa-4798-11e3-82bc-2c27d728f', '20112f6f-46eb-11e3-b1d3-c80aa9a0', '-'),
('a0303f39-479b-11e3-82bc-2c27d728fe', '2013-11-08 00:00:00', '	d95d07fa-4798-11e3-82bc-2c27d728f', '20112e7b-46eb-11e3-b1d3-c80aa9a0', '-'),
('a0304023-479b-11e3-82bc-2c27d728fe', '2013-11-10 00:00:00', '	d95d07fa-4798-11e3-82bc-2c27d728f', '2011276f-46eb-11e3-b1d3-c80aa9a0', '-'),
('a0304118-479b-11e3-82bc-2c27d728fe', '2013-11-07 00:00:00', '	d95d0890-4798-11e3-82bc-2c27d728f', '20113045-46eb-11e3-b1d3-c80aa9a0', '-'),
('a0304206-479b-11e3-82bc-2c27d728fe', '2013-11-08 00:00:00', '	d95d0890-4798-11e3-82bc-2c27d728f', '20112d3b-46eb-11e3-b1d3-c80aa9a0', '-'),
('a03042fc-479b-11e3-82bc-2c27d728fe', '2013-11-08 00:00:00', '	d95d0890-4798-11e3-82bc-2c27d728f', '20112f6f-46eb-11e3-b1d3-c80aa9a0', '-'),
('a03043f4-479b-11e3-82bc-2c27d728fe', '2013-11-08 00:00:00', '	d95d0890-4798-11e3-82bc-2c27d728f', '20112f6f-46eb-11e3-b1d3-c80aa9a0', '-'),
('a03044ef-479b-11e3-82bc-2c27d728fe', '2013-11-08 00:00:00', '	d95d0890-4798-11e3-82bc-2c27d728f', '20112d3b-46eb-11e3-b1d3-c80aa9a0', '-'),
('a030490a-479b-11e3-82bc-2c27d728fe', '2013-11-09 00:00:00', '	d95d0890-4798-11e3-82bc-2c27d728f', '20112e7b-46eb-11e3-b1d3-c80aa9a0', '-'),
('a0304a1c-479b-11e3-82bc-2c27d728fe', '2013-11-09 00:00:00', '	d95d0890-4798-11e3-82bc-2c27d728f', '20113045-46eb-11e3-b1d3-c80aa9a0', '-'),
('a0304b15-479b-11e3-82bc-2c27d728fe', '2013-11-08 00:00:00', '	d95d0890-4798-11e3-82bc-2c27d728f', '20112f6f-46eb-11e3-b1d3-c80aa9a0', '-'),
('a0304bfb-479b-11e3-82bc-2c27d728fe', '2013-11-08 00:00:00', '	d95d0890-4798-11e3-82bc-2c27d728f', '20112e7b-46eb-11e3-b1d3-c80aa9a0', '-'),
('a0304cf3-479b-11e3-82bc-2c27d728fe', '2013-11-07 00:00:00', '	d95d092f-4798-11e3-82bc-2c27d728f', '20112d3b-46eb-11e3-b1d3-c80aa9a0', '-'),
('a0304df2-479b-11e3-82bc-2c27d728fe', '2013-11-10 00:00:00', '	d95d092f-4798-11e3-82bc-2c27d728f', '20112e7b-46eb-11e3-b1d3-c80aa9a0', '-'),
('a0304ee3-479b-11e3-82bc-2c27d728fe', '2013-11-09 00:00:00', '	d95d092f-4798-11e3-82bc-2c27d728f', '20112d3b-46eb-11e3-b1d3-c80aa9a0', '-'),
('a0304fd3-479b-11e3-82bc-2c27d728fe', '2013-11-08 00:00:00', '	d95d09cf-4798-11e3-82bc-2c27d728f', '20112e7b-46eb-11e3-b1d3-c80aa9a0', '-'),
('a03050cf-479b-11e3-82bc-2c27d728fe', '2013-11-09 00:00:00', '	d95d09cf-4798-11e3-82bc-2c27d728f', '20112f6f-46eb-11e3-b1d3-c80aa9a0', '-'),
('a03051c9-479b-11e3-82bc-2c27d728fe', '2013-11-09 00:00:00', '	d95d09cf-4798-11e3-82bc-2c27d728f', '20113045-46eb-11e3-b1d3-c80aa9a0', '-'),
('a03052c9-479b-11e3-82bc-2c27d728fe', '2013-11-10 00:00:00', '	d95d0a66-4798-11e3-82bc-2c27d728f', '2011276f-46eb-11e3-b1d3-c80aa9a0', '-'),
('a03053b6-479b-11e3-82bc-2c27d728fe', '2013-11-10 00:00:00', '	d95d0a66-4798-11e3-82bc-2c27d728f', '20113045-46eb-11e3-b1d3-c80aa9a0', '-'),
('a03054b1-479b-11e3-82bc-2c27d728fe', '2013-11-09 00:00:00', '	d95d0a66-4798-11e3-82bc-2c27d728f', '20113045-46eb-11e3-b1d3-c80aa9a0', '-'),
('a03055b2-479b-11e3-82bc-2c27d728fe', '2013-11-07 00:00:00', '	d95d0afe-4798-11e3-82bc-2c27d728f', '2011276f-46eb-11e3-b1d3-c80aa9a0', '-'),
('a030569d-479b-11e3-82bc-2c27d728fe', '2013-11-08 00:00:00', '	d95d0afe-4798-11e3-82bc-2c27d728f', '20113045-46eb-11e3-b1d3-c80aa9a0', '-'),
('a030579b-479b-11e3-82bc-2c27d728fe', '2013-11-08 00:00:00', '	d95d0afe-4798-11e3-82bc-2c27d728f', '20112f6f-46eb-11e3-b1d3-c80aa9a0', '-'),
('a0305889-479b-11e3-82bc-2c27d728fe', '2013-11-08 00:00:00', '	d95d0afe-4798-11e3-82bc-2c27d728f', '20112e7b-46eb-11e3-b1d3-c80aa9a0', '-'),
('a0305996-479b-11e3-82bc-2c27d728fe', '2013-11-08 00:00:00', '	d95d0afe-4798-11e3-82bc-2c27d728f', '20113045-46eb-11e3-b1d3-c80aa9a0', '-'),
('a0305a98-479b-11e3-82bc-2c27d728fe', '2013-11-07 00:00:00', '	d95d0ba3-4798-11e3-82bc-2c27d728f', '2011276f-46eb-11e3-b1d3-c80aa9a0', '-'),
('a0305b89-479b-11e3-82bc-2c27d728fe', '2013-11-07 00:00:00', '	d95d0ba3-4798-11e3-82bc-2c27d728f', '20112e7b-46eb-11e3-b1d3-c80aa9a0', '-'),
('a0305ece-479b-11e3-82bc-2c27d728fe', '2013-11-09 00:00:00', '	d95d0ba3-4798-11e3-82bc-2c27d728f', '20112f6f-46eb-11e3-b1d3-c80aa9a0', '-'),
('a0305fd5-479b-11e3-82bc-2c27d728fe', '2013-11-07 00:00:00', '	d95d0ba3-4798-11e3-82bc-2c27d728f', '20113045-46eb-11e3-b1d3-c80aa9a0', '-'),
('a03060d4-479b-11e3-82bc-2c27d728fe', '2013-11-07 00:00:00', '	d95d0c38-4798-11e3-82bc-2c27d728f', '20112e7b-46eb-11e3-b1d3-c80aa9a0', '-'),
('a03061c6-479b-11e3-82bc-2c27d728fe', '2013-11-08 00:00:00', '	d95d0c38-4798-11e3-82bc-2c27d728f', '20112f6f-46eb-11e3-b1d3-c80aa9a0', '-'),
('a03062bf-479b-11e3-82bc-2c27d728fe', '2013-11-08 00:00:00', '	d95d0c38-4798-11e3-82bc-2c27d728f', '20112f6f-46eb-11e3-b1d3-c80aa9a0', '-'),
('a03063ba-479b-11e3-82bc-2c27d728fe', '2013-11-08 00:00:00', '	d95d0c38-4798-11e3-82bc-2c27d728f', '20112e7b-46eb-11e3-b1d3-c80aa9a0', '-'),
('a03064b0-479b-11e3-82bc-2c27d728fe', '2013-11-07 00:00:00', '	d95d0c38-4798-11e3-82bc-2c27d728f', '20112d3b-46eb-11e3-b1d3-c80aa9a0', '-'),
('a03065a5-479b-11e3-82bc-2c27d728fe', '2013-11-08 00:00:00', '	d95d0c38-4798-11e3-82bc-2c27d728f', '2011276f-46eb-11e3-b1d3-c80aa9a0', '-'),
('a0306697-479b-11e3-82bc-2c27d728fe', '2013-11-08 00:00:00', '	d95d0c38-4798-11e3-82bc-2c27d728f', '20112f6f-46eb-11e3-b1d3-c80aa9a0', '-'),
('a030679d-479b-11e3-82bc-2c27d728fe', '2013-11-07 00:00:00', '	d95d0cd2-4798-11e3-82bc-2c27d728f', '20112f6f-46eb-11e3-b1d3-c80aa9a0', '-'),
('a030688b-479b-11e3-82bc-2c27d728fe', '2013-11-08 00:00:00', '	d95d0cd2-4798-11e3-82bc-2c27d728f', '20112f6f-46eb-11e3-b1d3-c80aa9a0', '-'),
('a0306981-479b-11e3-82bc-2c27d728fe', '2013-11-08 00:00:00', '	d95d0cd2-4798-11e3-82bc-2c27d728f', '20112f6f-46eb-11e3-b1d3-c80aa9a0', '-'),
('a0306a6f-479b-11e3-82bc-2c27d728fe', '2013-11-08 00:00:00', '	d95d0cd2-4798-11e3-82bc-2c27d728f', '20112f6f-46eb-11e3-b1d3-c80aa9a0', '-'),
('a0306b77-479b-11e3-82bc-2c27d728fe', '2013-11-08 00:00:00', '	d95d0cd2-4798-11e3-82bc-2c27d728f', '20112f6f-46eb-11e3-b1d3-c80aa9a0', '-'),
('a0306c54-479b-11e3-82bc-2c27d728fe', '2013-11-09 00:00:00', '	d95d0cd2-4798-11e3-82bc-2c27d728f', '20113045-46eb-11e3-b1d3-c80aa9a0', '-'),
('a0306d49-479b-11e3-82bc-2c27d728fe', '2013-11-07 00:00:00', '	d95d0cd2-4798-11e3-82bc-2c27d728f', '20112f6f-46eb-11e3-b1d3-c80aa9a0', '-'),
('a0306e41-479b-11e3-82bc-2c27d728fe', '2013-11-08 00:00:00', '	d95d0cd2-4798-11e3-82bc-2c27d728f', '20113045-46eb-11e3-b1d3-c80aa9a0', '-'),
('a0306f39-479b-11e3-82bc-2c27d728fe', '2013-11-08 00:00:00', '	d95d0d6c-4798-11e3-82bc-2c27d728f', '20113045-46eb-11e3-b1d3-c80aa9a0', '-'),
('a030702f-479b-11e3-82bc-2c27d728fe', '2013-11-08 00:00:00', '	d95d0d6c-4798-11e3-82bc-2c27d728f', '2011276f-46eb-11e3-b1d3-c80aa9a0', '-'),
('a030712c-479b-11e3-82bc-2c27d728fe', '2013-11-10 00:00:00', '	d95d0d6c-4798-11e3-82bc-2c27d728f', '20112e7b-46eb-11e3-b1d3-c80aa9a0', '-'),
('a0307228-479b-11e3-82bc-2c27d728fe', '2013-11-07 00:00:00', '	d95d0e0a-4798-11e3-82bc-2c27d728f', '2011276f-46eb-11e3-b1d3-c80aa9a0', '-'),
('a0307657-479b-11e3-82bc-2c27d728fe', '2013-11-08 00:00:00', '	d95d0e0a-4798-11e3-82bc-2c27d728f', '20113045-46eb-11e3-b1d3-c80aa9a0', '-'),
('a0307763-479b-11e3-82bc-2c27d728fe', '2013-11-08 00:00:00', '	d95d0e0a-4798-11e3-82bc-2c27d728f', '20112d3b-46eb-11e3-b1d3-c80aa9a0', '-'),
('a0307861-479b-11e3-82bc-2c27d728fe', '2013-11-08 00:00:00', '	d95d0e0a-4798-11e3-82bc-2c27d728f', '20112d3b-46eb-11e3-b1d3-c80aa9a0', '-'),
('a030795e-479b-11e3-82bc-2c27d728fe', '2013-11-08 00:00:00', '	d95d0e0a-4798-11e3-82bc-2c27d728f', '20112e7b-46eb-11e3-b1d3-c80aa9a0', '-'),
('a0307a5a-479b-11e3-82bc-2c27d728fe', '2013-11-08 00:00:00', '	d95d0e0a-4798-11e3-82bc-2c27d728f', '2011276f-46eb-11e3-b1d3-c80aa9a0', '-'),
('a0307b50-479b-11e3-82bc-2c27d728fe', '2013-11-07 00:00:00', '	d95d0e0a-4798-11e3-82bc-2c27d728f', '20112e7b-46eb-11e3-b1d3-c80aa9a0', '-'),
('a0307c40-479b-11e3-82bc-2c27d728fe', '2013-11-08 00:00:00', '	d95d0e0a-4798-11e3-82bc-2c27d728f', '20112d3b-46eb-11e3-b1d3-c80aa9a0', '-'),
('a0307d33-479b-11e3-82bc-2c27d728fe', '2013-11-08 00:00:00', '	d95d0e0a-4798-11e3-82bc-2c27d728f', '20112e7b-46eb-11e3-b1d3-c80aa9a0', '-'),
('a0307e35-479b-11e3-82bc-2c27d728fe', '2013-11-08 00:00:00', '	d95d0ea1-4798-11e3-82bc-2c27d728f', '2011276f-46eb-11e3-b1d3-c80aa9a0', '-'),
('a0307f24-479b-11e3-82bc-2c27d728fe', '2013-11-10 00:00:00', '	d95d0ea1-4798-11e3-82bc-2c27d728f', '20113045-46eb-11e3-b1d3-c80aa9a0', '-'),
('a0308017-479b-11e3-82bc-2c27d728fe', '2013-11-10 00:00:00', '	d95d0ea1-4798-11e3-82bc-2c27d728f', '20112f6f-46eb-11e3-b1d3-c80aa9a0', '-'),
('a030810e-479b-11e3-82bc-2c27d728fe', '2013-11-08 00:00:00', '	d95d0ea1-4798-11e3-82bc-2c27d728f', '2011276f-46eb-11e3-b1d3-c80aa9a0', '-'),
('a0308212-479b-11e3-82bc-2c27d728fe', '2013-11-08 00:00:00', '	d95d0f40-4798-11e3-82bc-2c27d728f', '20112f6f-46eb-11e3-b1d3-c80aa9a0', '-'),
('a030830f-479b-11e3-82bc-2c27d728fe', '2013-11-09 00:00:00', '	d95d0f40-4798-11e3-82bc-2c27d728f', '20112d3b-46eb-11e3-b1d3-c80aa9a0', '-'),
('a0308403-479b-11e3-82bc-2c27d728fe', '2013-11-08 00:00:00', '	d95d0f40-4798-11e3-82bc-2c27d728f', '20112d3b-46eb-11e3-b1d3-c80aa9a0', '-'),
('a03084f7-479b-11e3-82bc-2c27d728fe', '2013-11-09 00:00:00', '	d95d0f40-4798-11e3-82bc-2c27d728f', '2011276f-46eb-11e3-b1d3-c80aa9a0', '-'),
('a03085f1-479b-11e3-82bc-2c27d728fe', '2013-11-08 00:00:00', '	d95d0fd6-4798-11e3-82bc-2c27d728f', '20113045-46eb-11e3-b1d3-c80aa9a0', '-'),
('a03086e6-479b-11e3-82bc-2c27d728fe', '2013-11-08 00:00:00', '	d95d1078-4798-11e3-82bc-2c27d728f', '20113045-46eb-11e3-b1d3-c80aa9a0', '-'),
('a03087e2-479b-11e3-82bc-2c27d728fe', '2013-11-08 00:00:00', '	d95d1078-4798-11e3-82bc-2c27d728f', '2011276f-46eb-11e3-b1d3-c80aa9a0', '-'),
('a03088d1-479b-11e3-82bc-2c27d728fe', '2013-11-08 00:00:00', '	d95d1078-4798-11e3-82bc-2c27d728f', '2011276f-46eb-11e3-b1d3-c80aa9a0', '-'),
('a03089d4-479b-11e3-82bc-2c27d728fe', '2013-11-08 00:00:00', '	d95d1078-4798-11e3-82bc-2c27d728f', '20112d3b-46eb-11e3-b1d3-c80aa9a0', '-'),
('a0308ac8-479b-11e3-82bc-2c27d728fe', '2013-11-08 00:00:00', '	d95d1115-4798-11e3-82bc-2c27d728f', '20112f6f-46eb-11e3-b1d3-c80aa9a0', '-'),
('a0308bbe-479b-11e3-82bc-2c27d728fe', '2013-11-08 00:00:00', '	d95d1115-4798-11e3-82bc-2c27d728f', '20112f6f-46eb-11e3-b1d3-c80aa9a0', '-'),
('a03090d6-479b-11e3-82bc-2c27d728fe', '2013-11-09 00:00:00', '	d95d1115-4798-11e3-82bc-2c27d728f', '20112d3b-46eb-11e3-b1d3-c80aa9a0', '-'),
('a03091d7-479b-11e3-82bc-2c27d728fe', '2013-11-08 00:00:00', '	d95d11aa-4798-11e3-82bc-2c27d728f', '20112f6f-46eb-11e3-b1d3-c80aa9a0', '-'),
('a03092d1-479b-11e3-82bc-2c27d728fe', '2013-11-09 00:00:00', '	d95d11aa-4798-11e3-82bc-2c27d728f', '20112e7b-46eb-11e3-b1d3-c80aa9a0', '-'),
('a03093c9-479b-11e3-82bc-2c27d728fe', '2013-11-08 00:00:00', '	d95d1365-4798-11e3-82bc-2c27d728f', '20113045-46eb-11e3-b1d3-c80aa9a0', '-'),
('a03094ce-479b-11e3-82bc-2c27d728fe', '2013-11-08 00:00:00', '	d95d1365-4798-11e3-82bc-2c27d728f', '2011276f-46eb-11e3-b1d3-c80aa9a0', '-'),
('a03095df-479b-11e3-82bc-2c27d728fe', '2013-11-09 00:00:00', '	d95d1365-4798-11e3-82bc-2c27d728f', '20112d3b-46eb-11e3-b1d3-c80aa9a0', '-'),
('a03096d2-479b-11e3-82bc-2c27d728fe', '2013-11-07 00:00:00', '	d95d1412-4798-11e3-82bc-2c27d728f', '20112e7b-46eb-11e3-b1d3-c80aa9a0', '-'),
('a03097be-479b-11e3-82bc-2c27d728fe', '2013-11-08 00:00:00', '	d95d1412-4798-11e3-82bc-2c27d728f', '20112f6f-46eb-11e3-b1d3-c80aa9a0', '-'),
('a03098bc-479b-11e3-82bc-2c27d728fe', '2013-11-09 00:00:00', '	d95d1412-4798-11e3-82bc-2c27d728f', '2011276f-46eb-11e3-b1d3-c80aa9a0', '-'),
('a03099bd-479b-11e3-82bc-2c27d728fe', '2013-11-08 00:00:00', '	d95d1412-4798-11e3-82bc-2c27d728f', '20112d3b-46eb-11e3-b1d3-c80aa9a0', '-'),
('a0309aba-479b-11e3-82bc-2c27d728fe', '2013-11-07 00:00:00', '	d95d14b4-4798-11e3-82bc-2c27d728f', '2011276f-46eb-11e3-b1d3-c80aa9a0', '-'),
('a0309bab-479b-11e3-82bc-2c27d728fe', '2013-11-08 00:00:00', '	d95d14b4-4798-11e3-82bc-2c27d728f', '20112f6f-46eb-11e3-b1d3-c80aa9a0', '-'),
('a0309c9f-479b-11e3-82bc-2c27d728fe', '2013-11-08 00:00:00', '	d95d154b-4798-11e3-82bc-2c27d728f', '20112d3b-46eb-11e3-b1d3-c80aa9a0', '-'),
('a0309da4-479b-11e3-82bc-2c27d728fe', '2013-11-10 00:00:00', '	d95d154b-4798-11e3-82bc-2c27d728f', '20112e7b-46eb-11e3-b1d3-c80aa9a0', '-'),
('a0309e99-479b-11e3-82bc-2c27d728fe', '2013-11-09 00:00:00', '	d95d154b-4798-11e3-82bc-2c27d728f', '20112e7b-46eb-11e3-b1d3-c80aa9a0', '-'),
('a0309f87-479b-11e3-82bc-2c27d728fe', '2013-11-09 00:00:00', '	d95d154b-4798-11e3-82bc-2c27d728f', '20113045-46eb-11e3-b1d3-c80aa9a0', '-'),
('a030a07d-479b-11e3-82bc-2c27d728fe', '2013-11-09 00:00:00', '	d95d154b-4798-11e3-82bc-2c27d728f', '20112e7b-46eb-11e3-b1d3-c80aa9a0', '-'),
('a030a17f-479b-11e3-82bc-2c27d728fe', '2013-11-08 00:00:00', '	d95d154b-4798-11e3-82bc-2c27d728f', '2011276f-46eb-11e3-b1d3-c80aa9a0', '-'),
('a030a27f-479b-11e3-82bc-2c27d728fe', '2013-11-08 00:00:00', '	d95d154b-4798-11e3-82bc-2c27d728f', '20112f6f-46eb-11e3-b1d3-c80aa9a0', '-'),
('a030a376-479b-11e3-82bc-2c27d728fe', '2013-11-08 00:00:00', '	d95d15e5-4798-11e3-82bc-2c27d728f', '20112e7b-46eb-11e3-b1d3-c80aa9a0', '-'),
('a030a45d-479b-11e3-82bc-2c27d728fe', '2013-11-08 00:00:00', '	d95d15e5-4798-11e3-82bc-2c27d728f', '20112e7b-46eb-11e3-b1d3-c80aa9a0', '-'),
('a030a558-479b-11e3-82bc-2c27d728fe', '2013-11-09 00:00:00', '	d95d15e5-4798-11e3-82bc-2c27d728f', '20112d3b-46eb-11e3-b1d3-c80aa9a0', '-'),
('a030a656-479b-11e3-82bc-2c27d728fe', '2013-11-07 00:00:00', '	d95d1683-4798-11e3-82bc-2c27d728f', '20112f6f-46eb-11e3-b1d3-c80aa9a0', '-'),
('a030a762-479b-11e3-82bc-2c27d728fe', '2013-11-08 00:00:00', '	d95d1683-4798-11e3-82bc-2c27d728f', '20112e7b-46eb-11e3-b1d3-c80aa9a0', '-'),
('a030ae31-479b-11e3-82bc-2c27d728fe', '2013-11-08 00:00:00', '	d95d1683-4798-11e3-82bc-2c27d728f', '20113045-46eb-11e3-b1d3-c80aa9a0', '-'),
('a030af60-479b-11e3-82bc-2c27d728fe', '2013-11-08 00:00:00', '	d95d1683-4798-11e3-82bc-2c27d728f', '20112f6f-46eb-11e3-b1d3-c80aa9a0', '-'),
('a030b072-479b-11e3-82bc-2c27d728fe', '2013-11-08 00:00:00', '	d95d1683-4798-11e3-82bc-2c27d728f', '20112d3b-46eb-11e3-b1d3-c80aa9a0', '-'),
('a030b17a-479b-11e3-82bc-2c27d728fe', '2013-11-07 00:00:00', '	d95d1715-4798-11e3-82bc-2c27d728f', '20113045-46eb-11e3-b1d3-c80aa9a0', '-'),
('a030b280-479b-11e3-82bc-2c27d728fe', '2013-11-07 00:00:00', '	d95d1715-4798-11e3-82bc-2c27d728f', '20112e7b-46eb-11e3-b1d3-c80aa9a0', '-'),
('a030b3a4-479b-11e3-82bc-2c27d728fe', '2013-11-07 00:00:00', '	d95d1715-4798-11e3-82bc-2c27d728f', '20113045-46eb-11e3-b1d3-c80aa9a0', '-'),
('a030b4bd-479b-11e3-82bc-2c27d728fe', '2013-11-08 00:00:00', '	d95d1715-4798-11e3-82bc-2c27d728f', '2011276f-46eb-11e3-b1d3-c80aa9a0', '-'),
('a030b5c5-479b-11e3-82bc-2c27d728fe', '2013-11-08 00:00:00', '	d95d1715-4798-11e3-82bc-2c27d728f', '20112d3b-46eb-11e3-b1d3-c80aa9a0', '-'),
('a030c037-479b-11e3-82bc-2c27d728fe', '2013-11-08 00:00:00', '	d95d1715-4798-11e3-82bc-2c27d728f', '20112d3b-46eb-11e3-b1d3-c80aa9a0', '-'),
('a030c199-479b-11e3-82bc-2c27d728fe', '2013-11-08 00:00:00', '	d95d1715-4798-11e3-82bc-2c27d728f', '20113045-46eb-11e3-b1d3-c80aa9a0', '-'),
('a030c2d0-479b-11e3-82bc-2c27d728fe', '2013-11-09 00:00:00', '	d95d1715-4798-11e3-82bc-2c27d728f', '20112e7b-46eb-11e3-b1d3-c80aa9a0', '-'),
('a030c3f1-479b-11e3-82bc-2c27d728fe', '2013-11-08 00:00:00', '	d95d1715-4798-11e3-82bc-2c27d728f', '2011276f-46eb-11e3-b1d3-c80aa9a0', '-'),
('a030c50e-479b-11e3-82bc-2c27d728fe', '2013-11-09 00:00:00', '	d95d1715-4798-11e3-82bc-2c27d728f', '20112d3b-46eb-11e3-b1d3-c80aa9a0', '-'),
('a030c628-479b-11e3-82bc-2c27d728fe', '2013-11-10 00:00:00', '	d95d1715-4798-11e3-82bc-2c27d728f', '20112f6f-46eb-11e3-b1d3-c80aa9a0', '-'),
('a030c746-479b-11e3-82bc-2c27d728fe', '2013-11-08 00:00:00', '	d95d17b0-4798-11e3-82bc-2c27d728f', '2011276f-46eb-11e3-b1d3-c80aa9a0', '-'),
('a030c862-479b-11e3-82bc-2c27d728fe', '2013-11-08 00:00:00', '	d95d17b0-4798-11e3-82bc-2c27d728f', '20112e7b-46eb-11e3-b1d3-c80aa9a0', '-'),
('a030c973-479b-11e3-82bc-2c27d728fe', '2013-11-10 00:00:00', '	d95d17b0-4798-11e3-82bc-2c27d728f', '20112d3b-46eb-11e3-b1d3-c80aa9a0', '-'),
('a030ca98-479b-11e3-82bc-2c27d728fe', '2013-11-07 00:00:00', '	d95d17b0-4798-11e3-82bc-2c27d728f', '20112d3b-46eb-11e3-b1d3-c80aa9a0', '-'),
('a030cbbe-479b-11e3-82bc-2c27d728fe', '2013-11-09 00:00:00', '	d95d17b0-4798-11e3-82bc-2c27d728f', '20112e7b-46eb-11e3-b1d3-c80aa9a0', '-'),
('a030ccce-479b-11e3-82bc-2c27d728fe', '2013-11-10 00:00:00', '	d95d17b0-4798-11e3-82bc-2c27d728f', '20113045-46eb-11e3-b1d3-c80aa9a0', '-'),
('a030cde9-479b-11e3-82bc-2c27d728fe', '2013-11-08 00:00:00', '	d95d1853-4798-11e3-82bc-2c27d728f', '20112f6f-46eb-11e3-b1d3-c80aa9a0', '-'),
('a030cf01-479b-11e3-82bc-2c27d728fe', '2013-11-09 00:00:00', '	d95d1853-4798-11e3-82bc-2c27d728f', '20112d3b-46eb-11e3-b1d3-c80aa9a0', '-'),
('a030d032-479b-11e3-82bc-2c27d728fe', '2013-11-10 00:00:00', '	d95d1853-4798-11e3-82bc-2c27d728f', '2011276f-46eb-11e3-b1d3-c80aa9a0', '-'),
('a030d149-479b-11e3-82bc-2c27d728fe', '2013-11-07 00:00:00', '	d95d1a67-4798-11e3-82bc-2c27d728f', '2011276f-46eb-11e3-b1d3-c80aa9a0', '-'),
('a030d2f9-479b-11e3-82bc-2c27d728fe', '2013-11-07 00:00:00', '	d95d1a67-4798-11e3-82bc-2c27d728f', '20112d3b-46eb-11e3-b1d3-c80aa9a0', '-'),
('a030d5c2-479b-11e3-82bc-2c27d728fe', '2013-11-08 00:00:00', '	d95d1a67-4798-11e3-82bc-2c27d728f', '20112d3b-46eb-11e3-b1d3-c80aa9a0', '-'),
('a030dc93-479b-11e3-82bc-2c27d728fe', '2013-11-09 00:00:00', '	d95d1a67-4798-11e3-82bc-2c27d728f', '20112e7b-46eb-11e3-b1d3-c80aa9a0', '-'),
('a030ddeb-479b-11e3-82bc-2c27d728fe', '2013-11-10 00:00:00', '	d95d1a67-4798-11e3-82bc-2c27d728f', '20112d3b-46eb-11e3-b1d3-c80aa9a0', '-'),
('a030df00-479b-11e3-82bc-2c27d728fe', '2013-11-09 00:00:00', '	d95d1a67-4798-11e3-82bc-2c27d728f', '2011276f-46eb-11e3-b1d3-c80aa9a0', '-'),
('a030dfe0-479b-11e3-82bc-2c27d728fe', '2013-11-07 00:00:00', '	d95d1b27-4798-11e3-82bc-2c27d728f', '20112d3b-46eb-11e3-b1d3-c80aa9a0', '-'),
('a030e07d-479b-11e3-82bc-2c27d728fe', '2013-11-07 00:00:00', '	d95d1b27-4798-11e3-82bc-2c27d728f', '20113045-46eb-11e3-b1d3-c80aa9a0', '-'),
('a030e10e-479b-11e3-82bc-2c27d728fe', '2013-11-08 00:00:00', '	d95d1b27-4798-11e3-82bc-2c27d728f', '20112d3b-46eb-11e3-b1d3-c80aa9a0', '-'),
('a030e19d-479b-11e3-82bc-2c27d728fe', '2013-11-08 00:00:00', '	d95d1b27-4798-11e3-82bc-2c27d728f', '20113045-46eb-11e3-b1d3-c80aa9a0', '-'),
('a030e243-479b-11e3-82bc-2c27d728fe', '2013-11-09 00:00:00', '	d95d1b27-4798-11e3-82bc-2c27d728f', '20112f6f-46eb-11e3-b1d3-c80aa9a0', '-'),
('a030e345-479b-11e3-82bc-2c27d728fe', '2013-11-09 00:00:00', '	d95d1b27-4798-11e3-82bc-2c27d728f', '2011276f-46eb-11e3-b1d3-c80aa9a0', '-'),
('a030e3f5-479b-11e3-82bc-2c27d728fe', '2013-11-08 00:00:00', '	d95d1b27-4798-11e3-82bc-2c27d728f', '20112d3b-46eb-11e3-b1d3-c80aa9a0', '-'),
('a030e4dc-479b-11e3-82bc-2c27d728fe', '2013-11-09 00:00:00', '	d95d1b27-4798-11e3-82bc-2c27d728f', '2011276f-46eb-11e3-b1d3-c80aa9a0', '-'),
('a030e594-479b-11e3-82bc-2c27d728fe', '2013-11-09 00:00:00', '	d95d1bc9-4798-11e3-82bc-2c27d728f', '20112e7b-46eb-11e3-b1d3-c80aa9a0', '-'),
('a030e68d-479b-11e3-82bc-2c27d728fe', '2013-11-08 00:00:00', '	d95d1bc9-4798-11e3-82bc-2c27d728f', '2011276f-46eb-11e3-b1d3-c80aa9a0', '-'),
('a030e76f-479b-11e3-82bc-2c27d728fe', '2013-11-07 00:00:00', '	d95d1c5e-4798-11e3-82bc-2c27d728f', '20113045-46eb-11e3-b1d3-c80aa9a0', '-'),
('a030e866-479b-11e3-82bc-2c27d728fe', '2013-11-08 00:00:00', '	d95d1c5e-4798-11e3-82bc-2c27d728f', '20112e7b-46eb-11e3-b1d3-c80aa9a0', '-'),
('a030e960-479b-11e3-82bc-2c27d728fe', '2013-11-08 00:00:00', '	d95d1c5e-4798-11e3-82bc-2c27d728f', '20112e7b-46eb-11e3-b1d3-c80aa9a0', '-'),
('a030ea66-479b-11e3-82bc-2c27d728fe', '2013-11-08 00:00:00', '	d95d1c5e-4798-11e3-82bc-2c27d728f', '20112d3b-46eb-11e3-b1d3-c80aa9a0', '-'),
('a030eb68-479b-11e3-82bc-2c27d728fe', '2013-11-09 00:00:00', '	d95d1c5e-4798-11e3-82bc-2c27d728f', '20112e7b-46eb-11e3-b1d3-c80aa9a0', '-'),
('a030ec74-479b-11e3-82bc-2c27d728fe', '2013-11-08 00:00:00', '	d95d1c5e-4798-11e3-82bc-2c27d728f', '20112e7b-46eb-11e3-b1d3-c80aa9a0', '-'),
('a030eda9-479b-11e3-82bc-2c27d728fe', '2013-11-08 00:00:00', '	d95d1cfd-4798-11e3-82bc-2c27d728f', '2011276f-46eb-11e3-b1d3-c80aa9a0', '-'),
('a030ef6e-479b-11e3-82bc-2c27d728fe', '2013-11-08 00:00:00', '	d95d1cfd-4798-11e3-82bc-2c27d728f', '20113045-46eb-11e3-b1d3-c80aa9a0', '-'),
('a030f03f-479b-11e3-82bc-2c27d728fe', '2013-11-10 00:00:00', '	d95d1cfd-4798-11e3-82bc-2c27d728f', '20113045-46eb-11e3-b1d3-c80aa9a0', '-'),
('a030f10b-479b-11e3-82bc-2c27d728fe', '2013-11-07 00:00:00', '	d95d1d90-4798-11e3-82bc-2c27d728f', '20112d3b-46eb-11e3-b1d3-c80aa9a0', '-'),
('a030f1d6-479b-11e3-82bc-2c27d728fe', '2013-11-08 00:00:00', '	d95d1d90-4798-11e3-82bc-2c27d728f', '2011276f-46eb-11e3-b1d3-c80aa9a0', '-'),
('a030f2b9-479b-11e3-82bc-2c27d728fe', '2013-11-08 00:00:00', '	d95d1d90-4798-11e3-82bc-2c27d728f', '20113045-46eb-11e3-b1d3-c80aa9a0', '-'),
('a030f62b-479b-11e3-82bc-2c27d728fe', '2013-11-08 00:00:00', '	d95d1d90-4798-11e3-82bc-2c27d728f', '20112e7b-46eb-11e3-b1d3-c80aa9a0', '-'),
('a030f75c-479b-11e3-82bc-2c27d728fe', '2013-11-07 00:00:00', '	d95d1e2a-4798-11e3-82bc-2c27d728f', '20113045-46eb-11e3-b1d3-c80aa9a0', '-'),
('a030f884-479b-11e3-82bc-2c27d728fe', '2013-11-08 00:00:00', '	d95d1e2a-4798-11e3-82bc-2c27d728f', '20113045-46eb-11e3-b1d3-c80aa9a0', '-'),
('a030f974-479b-11e3-82bc-2c27d728fe', '2013-11-10 00:00:00', '	d95d1e2a-4798-11e3-82bc-2c27d728f', '2011276f-46eb-11e3-b1d3-c80aa9a0', '-'),
('a03106ba-479b-11e3-82bc-2c27d728fe', '2013-11-08 00:00:00', '	d95d1e2a-4798-11e3-82bc-2c27d728f', '20113045-46eb-11e3-b1d3-c80aa9a0', '-'),
('a03107be-479b-11e3-82bc-2c27d728fe', '2013-11-08 00:00:00', '	d95d1ec5-4798-11e3-82bc-2c27d728f', '20112d3b-46eb-11e3-b1d3-c80aa9a0', '-'),
('a03108a0-479b-11e3-82bc-2c27d728fe', '2013-11-08 00:00:00', '	d95d1ec5-4798-11e3-82bc-2c27d728f', '20112d3b-46eb-11e3-b1d3-c80aa9a0', '-'),
('a031097b-479b-11e3-82bc-2c27d728fe', '2013-11-09 00:00:00', '	d95d1ec5-4798-11e3-82bc-2c27d728f', '20112f6f-46eb-11e3-b1d3-c80aa9a0', '-'),
('a0310a5f-479b-11e3-82bc-2c27d728fe', '2013-11-08 00:00:00', '	d95d1ec5-4798-11e3-82bc-2c27d728f', '20112e7b-46eb-11e3-b1d3-c80aa9a0', '-'),
('a0310b3f-479b-11e3-82bc-2c27d728fe', '2013-11-10 00:00:00', '	d95d1ec5-4798-11e3-82bc-2c27d728f', '20113045-46eb-11e3-b1d3-c80aa9a0', '-'),
('a0310c23-479b-11e3-82bc-2c27d728fe', '2013-11-08 00:00:00', '	d95d1ec5-4798-11e3-82bc-2c27d728f', '20112f6f-46eb-11e3-b1d3-c80aa9a0', '-'),
('a0310d0d-479b-11e3-82bc-2c27d728fe', '2013-11-07 00:00:00', '	d95d1f64-4798-11e3-82bc-2c27d728f', '20112d3b-46eb-11e3-b1d3-c80aa9a0', '-'),
('a0310de4-479b-11e3-82bc-2c27d728fe', '2013-11-07 00:00:00', '	d95d1f64-4798-11e3-82bc-2c27d728f', '20112f6f-46eb-11e3-b1d3-c80aa9a0', '-'),
('a0310ebf-479b-11e3-82bc-2c27d728fe', '2013-11-08 00:00:00', '	d95d1f64-4798-11e3-82bc-2c27d728f', '20112e7b-46eb-11e3-b1d3-c80aa9a0', '-'),
('a0311151-479b-11e3-82bc-2c27d728fe', '2013-11-09 00:00:00', '	d95d1f64-4798-11e3-82bc-2c27d728f', '20113045-46eb-11e3-b1d3-c80aa9a0', '-'),
('a0311282-479b-11e3-82bc-2c27d728fe', '2013-11-10 00:00:00', '	d95d1f64-4798-11e3-82bc-2c27d728f', '20112f6f-46eb-11e3-b1d3-c80aa9a0', '-'),
('a0311386-479b-11e3-82bc-2c27d728fe', '2013-11-07 00:00:00', '	d95d1f64-4798-11e3-82bc-2c27d728f', '20112e7b-46eb-11e3-b1d3-c80aa9a0', '-'),
('a03114a9-479b-11e3-82bc-2c27d728fe', '2013-11-10 00:00:00', '	d95d1f64-4798-11e3-82bc-2c27d728f', '2011276f-46eb-11e3-b1d3-c80aa9a0', '-'),
('a0311588-479b-11e3-82bc-2c27d728fe', '2013-11-07 00:00:00', '	d95d1ff6-4798-11e3-82bc-2c27d728f', '20113045-46eb-11e3-b1d3-c80aa9a0', '-'),
('a031165f-479b-11e3-82bc-2c27d728fe', '2013-11-08 00:00:00', '	d95d1ff6-4798-11e3-82bc-2c27d728f', '20112f6f-46eb-11e3-b1d3-c80aa9a0', '-'),
('a031173c-479b-11e3-82bc-2c27d728fe', '2013-11-09 00:00:00', '	d95d1ff6-4798-11e3-82bc-2c27d728f', '2011276f-46eb-11e3-b1d3-c80aa9a0', '-'),
('a0311836-479b-11e3-82bc-2c27d728fe', '2013-11-08 00:00:00', '	d95d1ff6-4798-11e3-82bc-2c27d728f', '2011276f-46eb-11e3-b1d3-c80aa9a0', '-'),
('a031192b-479b-11e3-82bc-2c27d728fe', '2013-11-07 00:00:00', '	d95d208b-4798-11e3-82bc-2c27d728f', '20113045-46eb-11e3-b1d3-c80aa9a0', '-'),
('a0311a0e-479b-11e3-82bc-2c27d728fe', '2013-11-08 00:00:00', '	d95d208b-4798-11e3-82bc-2c27d728f', '20112f6f-46eb-11e3-b1d3-c80aa9a0', '-'),
('a0311ad0-479b-11e3-82bc-2c27d728fe', '2013-11-09 00:00:00', '	d95d208b-4798-11e3-82bc-2c27d728f', '20113045-46eb-11e3-b1d3-c80aa9a0', '-'),
('a0311b97-479b-11e3-82bc-2c27d728fe', '2013-11-08 00:00:00', '	d95d22b2-4798-11e3-82bc-2c27d728f', '20112f6f-46eb-11e3-b1d3-c80aa9a0', '-'),
('a0311c57-479b-11e3-82bc-2c27d728fe', '2013-11-08 00:00:00', '	d95d22b2-4798-11e3-82bc-2c27d728f', '20112e7b-46eb-11e3-b1d3-c80aa9a0', '-'),
('a0311d10-479b-11e3-82bc-2c27d728fe', '2013-11-08 00:00:00', '	d95d22b2-4798-11e3-82bc-2c27d728f', '20112d3b-46eb-11e3-b1d3-c80aa9a0', '-'),
('a0311dd8-479b-11e3-82bc-2c27d728fe', '2013-11-09 00:00:00', '	d95d22b2-4798-11e3-82bc-2c27d728f', '20112d3b-46eb-11e3-b1d3-c80aa9a0', '-'),
('a031210f-479b-11e3-82bc-2c27d728fe', '2013-11-09 00:00:00', '	d95d22b2-4798-11e3-82bc-2c27d728f', '2011276f-46eb-11e3-b1d3-c80aa9a0', '-'),
('a0312288-479b-11e3-82bc-2c27d728fe', '2013-11-08 00:00:00', '	d95d22b2-4798-11e3-82bc-2c27d728f', '20112d3b-46eb-11e3-b1d3-c80aa9a0', '-'),
('a0312390-479b-11e3-82bc-2c27d728fe', '2013-11-08 00:00:00', '	d95d22b2-4798-11e3-82bc-2c27d728f', '20112e7b-46eb-11e3-b1d3-c80aa9a0', '-'),
('a03124aa-479b-11e3-82bc-2c27d728fe', '2013-11-08 00:00:00', '	d95d22b2-4798-11e3-82bc-2c27d728f', '20112f6f-46eb-11e3-b1d3-c80aa9a0', '-'),
('a0312581-479b-11e3-82bc-2c27d728fe', '2013-11-08 00:00:00', '	d95d2359-4798-11e3-82bc-2c27d728f', '20112e7b-46eb-11e3-b1d3-c80aa9a0', '-'),
('a0312647-479b-11e3-82bc-2c27d728fe', '2013-11-09 00:00:00', '	d95d2359-4798-11e3-82bc-2c27d728f', '20113045-46eb-11e3-b1d3-c80aa9a0', '-'),
('a0312702-479b-11e3-82bc-2c27d728fe', '2013-11-09 00:00:00', '	d95d2359-4798-11e3-82bc-2c27d728f', '20112e7b-46eb-11e3-b1d3-c80aa9a0', '-'),
('a03127c3-479b-11e3-82bc-2c27d728fe', '2013-11-10 00:00:00', '	d95d2359-4798-11e3-82bc-2c27d728f', '20113045-46eb-11e3-b1d3-c80aa9a0', '-'),
('a03136a2-479b-11e3-82bc-2c27d728fe', '2013-11-10 00:00:00', '	d95d2359-4798-11e3-82bc-2c27d728f', '20112f6f-46eb-11e3-b1d3-c80aa9a0', '-'),
('a031388b-479b-11e3-82bc-2c27d728fe', '2013-11-08 00:00:00', '	d95d2359-4798-11e3-82bc-2c27d728f', '20113045-46eb-11e3-b1d3-c80aa9a0', '-'),
('a031398a-479b-11e3-82bc-2c27d728fe', '2013-11-08 00:00:00', '	d95d2359-4798-11e3-82bc-2c27d728f', '20112f6f-46eb-11e3-b1d3-c80aa9a0', '-'),
('a0313a9b-479b-11e3-82bc-2c27d728fe', '2013-11-10 00:00:00', '	d95d2359-4798-11e3-82bc-2c27d728f', '20113045-46eb-11e3-b1d3-c80aa9a0', '-'),
('a0313b84-479b-11e3-82bc-2c27d728fe', '2013-11-08 00:00:00', '	d95d23f7-4798-11e3-82bc-2c27d728f', '20112f6f-46eb-11e3-b1d3-c80aa9a0', '-'),
('a0313c4d-479b-11e3-82bc-2c27d728fe', '2013-11-08 00:00:00', '	d95d23f7-4798-11e3-82bc-2c27d728f', '20112f6f-46eb-11e3-b1d3-c80aa9a0', '-'),
('a0313d09-479b-11e3-82bc-2c27d728fe', '2013-11-08 00:00:00', '	d95d23f7-4798-11e3-82bc-2c27d728f', '20113045-46eb-11e3-b1d3-c80aa9a0', '-'),
('a0313dca-479b-11e3-82bc-2c27d728fe', '2013-11-09 00:00:00', '	d95d23f7-4798-11e3-82bc-2c27d728f', '2011276f-46eb-11e3-b1d3-c80aa9a0', '-'),
('a0313e8d-479b-11e3-82bc-2c27d728fe', '2013-11-08 00:00:00', '	d95d23f7-4798-11e3-82bc-2c27d728f', '20113045-46eb-11e3-b1d3-c80aa9a0', '-'),
('a0313f75-479b-11e3-82bc-2c27d728fe', '2013-11-08 00:00:00', '	d95d2490-4798-11e3-82bc-2c27d728f', '20113045-46eb-11e3-b1d3-c80aa9a0', '-'),
('a031434f-479b-11e3-82bc-2c27d728fe', '2013-11-08 00:00:00', '	d95d2490-4798-11e3-82bc-2c27d728f', '20113045-46eb-11e3-b1d3-c80aa9a0', '-'),
('a031444c-479b-11e3-82bc-2c27d728fe', '2013-11-08 00:00:00', '	d95d2490-4798-11e3-82bc-2c27d728f', '20112d3b-46eb-11e3-b1d3-c80aa9a0', '-'),
('a0314571-479b-11e3-82bc-2c27d728fe', '2013-11-08 00:00:00', '	d95d2490-4798-11e3-82bc-2c27d728f', '20112f6f-46eb-11e3-b1d3-c80aa9a0', '-'),
('a0314669-479b-11e3-82bc-2c27d728fe', '2013-11-08 00:00:00', '	d95d2490-4798-11e3-82bc-2c27d728f', '20112d3b-46eb-11e3-b1d3-c80aa9a0', '-'),
('a03147bf-479b-11e3-82bc-2c27d728fe', '2013-11-08 00:00:00', '	d95d2490-4798-11e3-82bc-2c27d728f', '2011276f-46eb-11e3-b1d3-c80aa9a0', '-'),
('a0314891-479b-11e3-82bc-2c27d728fe', '2013-11-08 00:00:00', '	d95d2490-4798-11e3-82bc-2c27d728f', '20113045-46eb-11e3-b1d3-c80aa9a0', '-'),
('a0314968-479b-11e3-82bc-2c27d728fe', '2013-11-08 00:00:00', '	d95d2522-4798-11e3-82bc-2c27d728f', '2011276f-46eb-11e3-b1d3-c80aa9a0', '-'),
('a0314a55-479b-11e3-82bc-2c27d728fe', '2013-11-08 00:00:00', '	d95d2522-4798-11e3-82bc-2c27d728f', '20112f6f-46eb-11e3-b1d3-c80aa9a0', '-'),
('a0314df1-479b-11e3-82bc-2c27d728fe', '2013-11-09 00:00:00', '	d95d2522-4798-11e3-82bc-2c27d728f', '20112f6f-46eb-11e3-b1d3-c80aa9a0', '-'),
('a0314f3c-479b-11e3-82bc-2c27d728fe', '2013-11-10 00:00:00', '	d95d2522-4798-11e3-82bc-2c27d728f', '20112f6f-46eb-11e3-b1d3-c80aa9a0', '-'),
('a03150a6-479b-11e3-82bc-2c27d728fe', '2013-11-08 00:00:00', '	d95d2522-4798-11e3-82bc-2c27d728f', '2011276f-46eb-11e3-b1d3-c80aa9a0', '-'),
('a03165fd-479b-11e3-82bc-2c27d728fe', '2013-11-08 00:00:00', '	d95d2522-4798-11e3-82bc-2c27d728f', '20113045-46eb-11e3-b1d3-c80aa9a0', '-'),
('a0316754-479b-11e3-82bc-2c27d728fe', '2013-11-07 00:00:00', '	d95d25c2-4798-11e3-82bc-2c27d728f', '20112d3b-46eb-11e3-b1d3-c80aa9a0', '-'),
('a031685d-479b-11e3-82bc-2c27d728fe', '2013-11-07 00:00:00', '	d95d25c2-4798-11e3-82bc-2c27d728f', '2011276f-46eb-11e3-b1d3-c80aa9a0', '-'),
('a031694d-479b-11e3-82bc-2c27d728fe', '2013-11-08 00:00:00', '	d95d25c2-4798-11e3-82bc-2c27d728f', '2011276f-46eb-11e3-b1d3-c80aa9a0', '-'),
('a0316a1d-479b-11e3-82bc-2c27d728fe', '2013-11-08 00:00:00', '	d95d25c2-4798-11e3-82bc-2c27d728f', '20113045-46eb-11e3-b1d3-c80aa9a0', '-'),
('a0316ae6-479b-11e3-82bc-2c27d728fe', '2013-11-07 00:00:00', '	d95d25c2-4798-11e3-82bc-2c27d728f', '20113045-46eb-11e3-b1d3-c80aa9a0', '-'),
('a031832e-479b-11e3-82bc-2c27d728fe', '2013-11-07 00:00:00', '	d95d25c2-4798-11e3-82bc-2c27d728f', '20113045-46eb-11e3-b1d3-c80aa9a0', '-'),
('a0319605-479b-11e3-82bc-2c27d728fe', '2013-11-10 00:00:00', '	d95d2657-4798-11e3-82bc-2c27d728f', '20113045-46eb-11e3-b1d3-c80aa9a0', '-'),
('a0319718-479b-11e3-82bc-2c27d728fe', '2013-11-10 00:00:00', '	d95d2657-4798-11e3-82bc-2c27d728f', '20112f6f-46eb-11e3-b1d3-c80aa9a0', '-'),
('a0319acf-479b-11e3-82bc-2c27d728fe', '2013-11-10 00:00:00', '	d95d2657-4798-11e3-82bc-2c27d728f', '2011276f-46eb-11e3-b1d3-c80aa9a0', '-'),
('a0319bba-479b-11e3-82bc-2c27d728fe', '2013-11-07 00:00:00', '	d95d2657-4798-11e3-82bc-2c27d728f', '2011276f-46eb-11e3-b1d3-c80aa9a0', '-'),
('a0319ccd-479b-11e3-82bc-2c27d728fe', '2013-11-08 00:00:00', '	d95d26f0-4798-11e3-82bc-2c27d728f', '20112f6f-46eb-11e3-b1d3-c80aa9a0', '-'),
('a0319d9e-479b-11e3-82bc-2c27d728fe', '2013-11-08 00:00:00', '	d95d26f0-4798-11e3-82bc-2c27d728f', '20112d3b-46eb-11e3-b1d3-c80aa9a0', '-'),
('a0319e77-479b-11e3-82bc-2c27d728fe', '2013-11-09 00:00:00', '	d95d26f0-4798-11e3-82bc-2c27d728f', '20112f6f-46eb-11e3-b1d3-c80aa9a0', '-'),
('a0319f50-479b-11e3-82bc-2c27d728fe', '2013-11-10 00:00:00', '	d95d26f0-4798-11e3-82bc-2c27d728f', '20113045-46eb-11e3-b1d3-c80aa9a0', '-'),
('a031a032-479b-11e3-82bc-2c27d728fe', '2013-11-08 00:00:00', '	d95d2788-4798-11e3-82bc-2c27d728f', '20112e7b-46eb-11e3-b1d3-c80aa9a0', '-'),
('a031a104-479b-11e3-82bc-2c27d728fe', '2013-11-08 00:00:00', '	d95d2788-4798-11e3-82bc-2c27d728f', '20112d3b-46eb-11e3-b1d3-c80aa9a0', '-'),
('a031a1dc-479b-11e3-82bc-2c27d728fe', '2013-11-08 00:00:00', '	d95d2788-4798-11e3-82bc-2c27d728f', '2011276f-46eb-11e3-b1d3-c80aa9a0', '-'),
('a031a2ac-479b-11e3-82bc-2c27d728fe', '2013-11-08 00:00:00', '	d95d2788-4798-11e3-82bc-2c27d728f', '20113045-46eb-11e3-b1d3-c80aa9a0', '-'),
('a031a392-479b-11e3-82bc-2c27d728fe', '2013-11-08 00:00:00', '	d95d2828-4798-11e3-82bc-2c27d728f', '20112e7b-46eb-11e3-b1d3-c80aa9a0', '-'),
('a031a465-479b-11e3-82bc-2c27d728fe', '2013-11-10 00:00:00', '	d95d2828-4798-11e3-82bc-2c27d728f', '20112d3b-46eb-11e3-b1d3-c80aa9a0', '-'),
('a031a53c-479b-11e3-82bc-2c27d728fe', '2013-11-07 00:00:00', 'd95d2828-4798-11e3-82bc-2c27d728fe', '20112e7b-46eb-11e3-b1d3-c80aa9a0', '-'),
('a031a645-479b-11e3-82bc-2c27d728fe', '2013-11-07 00:00:00', 'd95d2828-4798-11e3-82bc-2c27d728fe', '2011276f-46eb-11e3-b1d3-c80aa9a0', '-'),
('a031a763-479b-11e3-82bc-2c27d728fe', '2013-11-08 00:00:00', '	d95d2828-4798-11e3-82bc-2c27d728f', '20112d3b-46eb-11e3-b1d3-c80aa9a0', '-'),
('a031a877-479b-11e3-82bc-2c27d728fe', '2013-11-08 00:00:00', '	d95d28be-4798-11e3-82bc-2c27d728f', '20113045-46eb-11e3-b1d3-c80aa9a0', '-'),
('a031a98f-479b-11e3-82bc-2c27d728fe', '2013-11-08 00:00:00', '	d95d28be-4798-11e3-82bc-2c27d728f', '20112e7b-46eb-11e3-b1d3-c80aa9a0', '-'),
('a031aa7c-479b-11e3-82bc-2c27d728fe', '2013-11-08 00:00:00', '	d95d28be-4798-11e3-82bc-2c27d728f', '20112f6f-46eb-11e3-b1d3-c80aa9a0', '-'),
('a031ab75-479b-11e3-82bc-2c27d728fe', '2013-11-08 00:00:00', '	d95d294d-4798-11e3-82bc-2c27d728f', '20113045-46eb-11e3-b1d3-c80aa9a0', '-'),
('a031ac65-479b-11e3-82bc-2c27d728fe', '2013-11-09 00:00:00', '	d95d294d-4798-11e3-82bc-2c27d728f', '20112f6f-46eb-11e3-b1d3-c80aa9a0', '-'),
('a031ad74-479b-11e3-82bc-2c27d728fe', '2013-11-10 00:00:00', '	d95d294d-4798-11e3-82bc-2c27d728f', '20113045-46eb-11e3-b1d3-c80aa9a0', '-'),
('a031ae78-479b-11e3-82bc-2c27d728fe', '2013-11-08 00:00:00', '	d95d294d-4798-11e3-82bc-2c27d728f', '20112d3b-46eb-11e3-b1d3-c80aa9a0', '-'),
('a031afa6-479b-11e3-82bc-2c27d728fe', '2013-11-08 00:00:00', 'd95d294d-4798-11e3-82bc-2c27d728fe', '20112e7b-46eb-11e3-b1d3-c80aa9a0', '-'),
('a031b0f3-479b-11e3-82bc-2c27d728fe', '2013-11-08 00:00:00', 'd95d294d-4798-11e3-82bc-2c27d728fe', '20112f6f-46eb-11e3-b1d3-c80aa9a0', '-');

-- --------------------------------------------------------

--
-- Table structure for table `bookingdetail`
--

CREATE TABLE IF NOT EXISTS `bookingdetail` (
  `BookingId` varchar(34) NOT NULL,
  `ReservationId` varchar(34) NOT NULL,
  `Row` varchar(2) NOT NULL,
  `Seat` int(11) NOT NULL,
  `Price` int(11) NOT NULL,
  PRIMARY KEY (`BookingId`,`ReservationId`)
) ENGINE=InnoDB DEFAULT CHARSET=latin1;

--
-- Dumping data for table `bookingdetail`
--

INSERT INTO `bookingdetail` (`BookingId`, `ReservationId`, `Row`, `Seat`, `Price`) VALUES
('a0303090-479b-11e3-82bc-2c27d728fe', '533a119b-479d-11e3-82bc-2c27d728fe', 'F', 6, 30000),
('a0303090-479b-11e3-82bc-2c27d728fe', '533a2efc-479d-11e3-82bc-2c27d728fe', 'G', 2, 25000),
('a0303090-479b-11e3-82bc-2c27d728fe', '533a3e01-479d-11e3-82bc-2c27d728fe', 'C', 4, 30000),
('a03034b3-479b-11e3-82bc-2c27d728fe', '533a10f7-479d-11e3-82bc-2c27d728fe', 'D', 8, 25000),
('a03035b6-479b-11e3-82bc-2c27d728fe', '533a0870-479d-11e3-82bc-2c27d728fe', 'I', 2, 30000),
('a03035b6-479b-11e3-82bc-2c27d728fe', '533a3c63-479d-11e3-82bc-2c27d728fe', 'I', 5, 25000),
('a03036a3-479b-11e3-82bc-2c27d728fe', '5339e5ed-479d-11e3-82bc-2c27d728fe', 'G', 4, 25000),
('a03036a3-479b-11e3-82bc-2c27d728fe', '533a0818-479d-11e3-82bc-2c27d728fe', 'H', 2, 30000),
('a03036a3-479b-11e3-82bc-2c27d728fe', '533a19fd-479d-11e3-82bc-2c27d728fe', 'I', 3, 30000),
('a03036a3-479b-11e3-82bc-2c27d728fe', '533a38f7-479d-11e3-82bc-2c27d728fe', 'H', 1, 25000),
('a03036a3-479b-11e3-82bc-2c27d728fe', '533a3cba-479d-11e3-82bc-2c27d728fe', 'A', 3, 30000),
('a030379e-479b-11e3-82bc-2c27d728fe', '5339faf9-479d-11e3-82bc-2c27d728fe', 'G', 9, 30000),
('a0303894-479b-11e3-82bc-2c27d728fe', '5339e7e9-479d-11e3-82bc-2c27d728fe', 'D', 6, 30000),
('a0303894-479b-11e3-82bc-2c27d728fe', '5339f081-479d-11e3-82bc-2c27d728fe', 'F', 6, 30000),
('a0303984-479b-11e3-82bc-2c27d728fe', '533a0e53-479d-11e3-82bc-2c27d728fe', 'E', 1, 25000),
('a0303a72-479b-11e3-82bc-2c27d728fe', '5339eaa4-479d-11e3-82bc-2c27d728fe', 'B', 4, 25000),
('a0303a72-479b-11e3-82bc-2c27d728fe', '5339f4a9-479d-11e3-82bc-2c27d728fe', 'H', 2, 35000),
('a0303a72-479b-11e3-82bc-2c27d728fe', '533a2f53-479d-11e3-82bc-2c27d728fe', 'H', 1, 25000),
('a0303a72-479b-11e3-82bc-2c27d728fe', '533a3fc6-479d-11e3-82bc-2c27d728fe', 'H', 4, 30000),
('a0303b79-479b-11e3-82bc-2c27d728fe', '533a09ba-479d-11e3-82bc-2c27d728fe', 'D', 6, 35000),
('a0303b79-479b-11e3-82bc-2c27d728fe', '533a0f4d-479d-11e3-82bc-2c27d728fe', 'H', 3, 35000),
('a0303b79-479b-11e3-82bc-2c27d728fe', '533a1eab-479d-11e3-82bc-2c27d728fe', 'E', 7, 35000),
('a0303c65-479b-11e3-82bc-2c27d728fe', '533a3eb6-479d-11e3-82bc-2c27d728fe', 'E', 6, 35000),
('a0303d52-479b-11e3-82bc-2c27d728fe', '533a1331-479d-11e3-82bc-2c27d728fe', 'B', 2, 35000),
('a0303d52-479b-11e3-82bc-2c27d728fe', '533a31b2-479d-11e3-82bc-2c27d728fe', 'F', 8, 30000),
('a0303e3d-479b-11e3-82bc-2c27d728fe', '5339e6ef-479d-11e3-82bc-2c27d728fe', 'A', 5, 35000),
('a0303e3d-479b-11e3-82bc-2c27d728fe', '5339e8e8-479d-11e3-82bc-2c27d728fe', 'G', 7, 25000),
('a0303e3d-479b-11e3-82bc-2c27d728fe', '5339f748-479d-11e3-82bc-2c27d728fe', 'G', 8, 35000),
('a0303e3d-479b-11e3-82bc-2c27d728fe', '5339f946-479d-11e3-82bc-2c27d728fe', 'D', 3, 30000),
('a0303e3d-479b-11e3-82bc-2c27d728fe', '5339fc95-479d-11e3-82bc-2c27d728fe', 'C', 4, 25000),
('a0303e3d-479b-11e3-82bc-2c27d728fe', '5339fd91-479d-11e3-82bc-2c27d728fe', 'F', 5, 25000),
('a0303e3d-479b-11e3-82bc-2c27d728fe', '533a4751-479d-11e3-82bc-2c27d728fe', 'H', 9, 35000),
('a0303f39-479b-11e3-82bc-2c27d728fe', '5339f997-479d-11e3-82bc-2c27d728fe', 'E', 8, 35000),
('a0303f39-479b-11e3-82bc-2c27d728fe', '533a10a4-479d-11e3-82bc-2c27d728fe', 'C', 9, 30000),
('a0303f39-479b-11e3-82bc-2c27d728fe', '533a170d-479d-11e3-82bc-2c27d728fe', 'I', 3, 35000),
('a0304118-479b-11e3-82bc-2c27d728fe', '5339f552-479d-11e3-82bc-2c27d728fe', 'A', 3, 35000),
('a0304118-479b-11e3-82bc-2c27d728fe', '533a3260-479d-11e3-82bc-2c27d728fe', 'H', 3, 35000),
('a0304118-479b-11e3-82bc-2c27d728fe', '533a4126-479d-11e3-82bc-2c27d728fe', 'C', 1, 35000),
('a0304206-479b-11e3-82bc-2c27d728fe', '533a3b0d-479d-11e3-82bc-2c27d728fe', 'E', 9, 35000),
('a03042fc-479b-11e3-82bc-2c27d728fe', '533a047d-479d-11e3-82bc-2c27d728fe', 'F', 8, 30000),
('a03042fc-479b-11e3-82bc-2c27d728fe', '533a0ea4-479d-11e3-82bc-2c27d728fe', 'F', 7, 30000),
('a03042fc-479b-11e3-82bc-2c27d728fe', '533a11e9-479d-11e3-82bc-2c27d728fe', 'G', 4, 35000),
('a03042fc-479b-11e3-82bc-2c27d728fe', '533a1485-479d-11e3-82bc-2c27d728fe', 'F', 1, 25000),
('a03042fc-479b-11e3-82bc-2c27d728fe', '533a17b5-479d-11e3-82bc-2c27d728fe', 'B', 5, 35000),
('a03043f4-479b-11e3-82bc-2c27d728fe', '533a2ea8-479d-11e3-82bc-2c27d728fe', 'F', 4, 35000),
('a03044ef-479b-11e3-82bc-2c27d728fe', '5339ebf3-479d-11e3-82bc-2c27d728fe', 'F', 1, 30000),
('a03044ef-479b-11e3-82bc-2c27d728fe', '533a1049-479d-11e3-82bc-2c27d728fe', 'B', 8, 35000),
('a030490a-479b-11e3-82bc-2c27d728fe', '533a0ef7-479d-11e3-82bc-2c27d728fe', 'G', 3, 25000),
('a0304a1c-479b-11e3-82bc-2c27d728fe', '5339ee80-479d-11e3-82bc-2c27d728fe', 'I', 5, 35000),
('a0304a1c-479b-11e3-82bc-2c27d728fe', '5339f0d3-479d-11e3-82bc-2c27d728fe', 'G', 7, 30000),
('a0304a1c-479b-11e3-82bc-2c27d728fe', '5339f17a-479d-11e3-82bc-2c27d728fe', 'I', 6, 25000),
('a0304a1c-479b-11e3-82bc-2c27d728fe', '5339f44f-479d-11e3-82bc-2c27d728fe', 'G', 6, 25000),
('a0304a1c-479b-11e3-82bc-2c27d728fe', '533a2ced-479d-11e3-82bc-2c27d728fe', 'A', 5, 25000),
('a0304b15-479b-11e3-82bc-2c27d728fe', '5339f5f3-479d-11e3-82bc-2c27d728fe', 'C', 3, 30000),
('a0304b15-479b-11e3-82bc-2c27d728fe', '533a2c3f-479d-11e3-82bc-2c27d728fe', 'H', 2, 35000),
('a0304bfb-479b-11e3-82bc-2c27d728fe', '533a0a0d-479d-11e3-82bc-2c27d728fe', 'E', 2, 30000),
('a0304bfb-479b-11e3-82bc-2c27d728fe', '533a1da1-479d-11e3-82bc-2c27d728fe', 'B', 3, 35000),
('a0304bfb-479b-11e3-82bc-2c27d728fe', '533a2e51-479d-11e3-82bc-2c27d728fe', 'E', 2, 30000),
('a0304cf3-479b-11e3-82bc-2c27d728fe', '533a2fa8-479d-11e3-82bc-2c27d728fe', 'I', 5, 25000),
('a0304cf3-479b-11e3-82bc-2c27d728fe', '533a3953-479d-11e3-82bc-2c27d728fe', 'I', 6, 30000),
('a0304df2-479b-11e3-82bc-2c27d728fe', '533a0036-479d-11e3-82bc-2c27d728fe', 'E', 1, 35000),
('a0304df2-479b-11e3-82bc-2c27d728fe', '533a185e-479d-11e3-82bc-2c27d728fe', 'D', 1, 35000),
('a0304df2-479b-11e3-82bc-2c27d728fe', '533a1cfb-479d-11e3-82bc-2c27d728fe', 'I', 2, 35000),
('a0304df2-479b-11e3-82bc-2c27d728fe', '533a315c-479d-11e3-82bc-2c27d728fe', 'E', 7, 25000),
('a0304df2-479b-11e3-82bc-2c27d728fe', '533a3791-479d-11e3-82bc-2c27d728fe', 'D', 1, 25000),
('a0304ee3-479b-11e3-82bc-2c27d728fe', '533a3f0e-479d-11e3-82bc-2c27d728fe', 'F', 2, 25000),
('a0304fd3-479b-11e3-82bc-2c27d728fe', '5339fb9f-479d-11e3-82bc-2c27d728fe', 'I', 3, 30000),
('a0304fd3-479b-11e3-82bc-2c27d728fe', '533a0ab7-479d-11e3-82bc-2c27d728fe', 'G', 6, 35000),
('a0304fd3-479b-11e3-82bc-2c27d728fe', '533a3843-479d-11e3-82bc-2c27d728fe', 'F', 9, 25000),
('a03050cf-479b-11e3-82bc-2c27d728fe', '533a3ab6-479d-11e3-82bc-2c27d728fe', 'D', 1, 35000),
('a03051c9-479b-11e3-82bc-2c27d728fe', '5339e838-479d-11e3-82bc-2c27d728fe', 'E', 8, 35000),
('a03051c9-479b-11e3-82bc-2c27d728fe', '5339ef7f-479d-11e3-82bc-2c27d728fe', 'C', 9, 35000),
('a03051c9-479b-11e3-82bc-2c27d728fe', '5339f89d-479d-11e3-82bc-2c27d728fe', 'B', 9, 25000),
('a03051c9-479b-11e3-82bc-2c27d728fe', '533a19ab-479d-11e3-82bc-2c27d728fe', 'H', 5, 30000),
('a03051c9-479b-11e3-82bc-2c27d728fe', '533a3a5f-479d-11e3-82bc-2c27d728fe', 'C', 5, 25000),
('a03053b6-479b-11e3-82bc-2c27d728fe', '5339f5a4-479d-11e3-82bc-2c27d728fe', 'B', 2, 30000),
('a03053b6-479b-11e3-82bc-2c27d728fe', '533a1aa6-479d-11e3-82bc-2c27d728fe', 'B', 5, 30000),
('a03053b6-479b-11e3-82bc-2c27d728fe', '533a1fb3-479d-11e3-82bc-2c27d728fe', 'H', 6, 35000),
('a03053b6-479b-11e3-82bc-2c27d728fe', '533a3b63-479d-11e3-82bc-2c27d728fe', 'F', 6, 30000),
('a03054b1-479b-11e3-82bc-2c27d728fe', '5339ec42-479d-11e3-82bc-2c27d728fe', 'G', 7, 30000),
('a03054b1-479b-11e3-82bc-2c27d728fe', '533a1bfc-479d-11e3-82bc-2c27d728fe', 'F', 2, 35000),
('a03055b2-479b-11e3-82bc-2c27d728fe', '5339f129-479d-11e3-82bc-2c27d728fe', 'H', 9, 35000),
('a03055b2-479b-11e3-82bc-2c27d728fe', '533a1762-479d-11e3-82bc-2c27d728fe', 'A', 4, 25000),
('a030569d-479b-11e3-82bc-2c27d728fe', '533a1b52-479d-11e3-82bc-2c27d728fe', 'D', 4, 35000),
('a030569d-479b-11e3-82bc-2c27d728fe', '533a330d-479d-11e3-82bc-2c27d728fe', 'A', 7, 25000),
('a0305889-479b-11e3-82bc-2c27d728fe', '5339e148-479d-11e3-82bc-2c27d728fe', 'A', 2, 30000),
('a0305889-479b-11e3-82bc-2c27d728fe', '533a08bd-479d-11e3-82bc-2c27d728fe', 'A', 6, 35000),
('a0305889-479b-11e3-82bc-2c27d728fe', '533a2d4a-479d-11e3-82bc-2c27d728fe', 'B', 9, 35000),
('a0305996-479b-11e3-82bc-2c27d728fe', '5339e4a7-479d-11e3-82bc-2c27d728fe', 'C', 2, 30000),
('a0305996-479b-11e3-82bc-2c27d728fe', '533a12dd-479d-11e3-82bc-2c27d728fe', 'A', 5, 35000),
('a0305996-479b-11e3-82bc-2c27d728fe', '533a39aa-479d-11e3-82bc-2c27d728fe', 'A', 2, 25000),
('a0305996-479b-11e3-82bc-2c27d728fe', '533a3a01-479d-11e3-82bc-2c27d728fe', 'B', 9, 25000),
('a0305a98-479b-11e3-82bc-2c27d728fe', '533a0524-479d-11e3-82bc-2c27d728fe', 'H', 2, 25000),
('a0305a98-479b-11e3-82bc-2c27d728fe', '533a36d9-479d-11e3-82bc-2c27d728fe', 'B', 6, 30000),
('a0305ece-479b-11e3-82bc-2c27d728fe', '5339f030-479d-11e3-82bc-2c27d728fe', 'E', 3, 25000),
('a0305ece-479b-11e3-82bc-2c27d728fe', '533a401f-479d-11e3-82bc-2c27d728fe', 'I', 1, 35000),
('a0305fd5-479b-11e3-82bc-2c27d728fe', '5339fb4c-479d-11e3-82bc-2c27d728fe', 'H', 7, 25000),
('a0305fd5-479b-11e3-82bc-2c27d728fe', '533a01d7-479d-11e3-82bc-2c27d728fe', 'A', 9, 35000),
('a0305fd5-479b-11e3-82bc-2c27d728fe', '533a0719-479d-11e3-82bc-2c27d728fe', 'E', 7, 25000),
('a0305fd5-479b-11e3-82bc-2c27d728fe', '533a0a64-479d-11e3-82bc-2c27d728fe', 'F', 4, 35000),
('a0305fd5-479b-11e3-82bc-2c27d728fe', '533a0cae-479d-11e3-82bc-2c27d728fe', 'I', 5, 30000),
('a0305fd5-479b-11e3-82bc-2c27d728fe', '533a1af9-479d-11e3-82bc-2c27d728fe', 'C', 4, 30000),
('a0305fd5-479b-11e3-82bc-2c27d728fe', '533a2a78-479d-11e3-82bc-2c27d728fe', 'C', 1, 35000),
('a03060d4-479b-11e3-82bc-2c27d728fe', '5339fe90-479d-11e3-82bc-2c27d728fe', 'I', 2, 35000),
('a03060d4-479b-11e3-82bc-2c27d728fe', '533a061f-479d-11e3-82bc-2c27d728fe', 'B', 5, 25000),
('a03060d4-479b-11e3-82bc-2c27d728fe', '533a1d4e-479d-11e3-82bc-2c27d728fe', 'A', 1, 25000),
('a03060d4-479b-11e3-82bc-2c27d728fe', '533a4180-479d-11e3-82bc-2c27d728fe', 'D', 2, 35000),
('a03061c6-479b-11e3-82bc-2c27d728fe', '533a1388-479d-11e3-82bc-2c27d728fe', 'C', 4, 25000),
('a03061c6-479b-11e3-82bc-2c27d728fe', '533a13d8-479d-11e3-82bc-2c27d728fe', 'D', 8, 25000),
('a03061c6-479b-11e3-82bc-2c27d728fe', '533a2ad8-479d-11e3-82bc-2c27d728fe', 'D', 1, 25000),
('a03061c6-479b-11e3-82bc-2c27d728fe', '533a41dc-479d-11e3-82bc-2c27d728fe', 'E', 8, 35000),
('a03065a5-479b-11e3-82bc-2c27d728fe', '533a2b8f-479d-11e3-82bc-2c27d728fe', 'F', 9, 25000),
('a03065a5-479b-11e3-82bc-2c27d728fe', '533a3d9f-479d-11e3-82bc-2c27d728fe', 'B', 5, 35000),
('a030679d-479b-11e3-82bc-2c27d728fe', '533a2c97-479d-11e3-82bc-2c27d728fe', 'I', 9, 25000),
('a030679d-479b-11e3-82bc-2c27d728fe', '533a46f3-479d-11e3-82bc-2c27d728fe', 'G', 6, 25000),
('a030688b-479b-11e3-82bc-2c27d728fe', '5339e98c-479d-11e3-82bc-2c27d728fe', 'I', 9, 25000),
('a030688b-479b-11e3-82bc-2c27d728fe', '5339f8f0-479d-11e3-82bc-2c27d728fe', 'C', 6, 30000),
('a030688b-479b-11e3-82bc-2c27d728fe', '5339ff34-479d-11e3-82bc-2c27d728fe', 'B', 6, 25000),
('a030688b-479b-11e3-82bc-2c27d728fe', '533a0672-479d-11e3-82bc-2c27d728fe', 'C', 5, 35000),
('a030688b-479b-11e3-82bc-2c27d728fe', '533a3736-479d-11e3-82bc-2c27d728fe', 'C', 9, 30000),
('a0306981-479b-11e3-82bc-2c27d728fe', '533a0b12-479d-11e3-82bc-2c27d728fe', 'H', 3, 30000),
('a0306981-479b-11e3-82bc-2c27d728fe', '533a2ffc-479d-11e3-82bc-2c27d728fe', 'A', 5, 30000),
('a0306a6f-479b-11e3-82bc-2c27d728fe', '533a3bba-479d-11e3-82bc-2c27d728fe', 'G', 6, 35000),
('a0306b77-479b-11e3-82bc-2c27d728fe', '533a128a-479d-11e3-82bc-2c27d728fe', 'I', 8, 25000),
('a0306b77-479b-11e3-82bc-2c27d728fe', '533a3e5b-479d-11e3-82bc-2c27d728fe', 'D', 5, 25000),
('a0306b77-479b-11e3-82bc-2c27d728fe', '533a40ce-479d-11e3-82bc-2c27d728fe', 'B', 7, 30000),
('a0306c54-479b-11e3-82bc-2c27d728fe', '5339e43b-479d-11e3-82bc-2c27d728fe', 'B', 6, 35000),
('a0306c54-479b-11e3-82bc-2c27d728fe', '533a07c3-479d-11e3-82bc-2c27d728fe', 'G', 6, 30000),
('a0306c54-479b-11e3-82bc-2c27d728fe', '533a1955-479d-11e3-82bc-2c27d728fe', 'G', 7, 30000),
('a0306d49-479b-11e3-82bc-2c27d728fe', '533a1e56-479d-11e3-82bc-2c27d728fe', 'D', 5, 25000),
('a0306e41-479b-11e3-82bc-2c27d728fe', '5339fdec-479d-11e3-82bc-2c27d728fe', 'G', 8, 25000),
('a0306f39-479b-11e3-82bc-2c27d728fe', '533a21ef-479d-11e3-82bc-2c27d728fe', 'I', 5, 35000),
('a0306f39-479b-11e3-82bc-2c27d728fe', '533a2244-479d-11e3-82bc-2c27d728fe', 'A', 3, 35000),
('a030712c-479b-11e3-82bc-2c27d728fe', '533a123a-479d-11e3-82bc-2c27d728fe', 'H', 4, 25000),
('a0307228-479b-11e3-82bc-2c27d728fe', '533a18b1-479d-11e3-82bc-2c27d728fe', 'E', 8, 25000),
('a0307657-479b-11e3-82bc-2c27d728fe', '533a090e-479d-11e3-82bc-2c27d728fe', 'B', 3, 30000),
('a0307657-479b-11e3-82bc-2c27d728fe', '533a1df7-479d-11e3-82bc-2c27d728fe', 'C', 6, 30000),
('a0307657-479b-11e3-82bc-2c27d728fe', '533a3207-479d-11e3-82bc-2c27d728fe', 'G', 4, 30000),
('a0307763-479b-11e3-82bc-2c27d728fe', '5339eba2-479d-11e3-82bc-2c27d728fe', 'E', 9, 30000),
('a0307763-479b-11e3-82bc-2c27d728fe', '5339f64d-479d-11e3-82bc-2c27d728fe', 'D', 7, 30000),
('a0307861-479b-11e3-82bc-2c27d728fe', '533a1ba8-479d-11e3-82bc-2c27d728fe', 'E', 3, 35000),
('a0307861-479b-11e3-82bc-2c27d728fe', '533a4232-479d-11e3-82bc-2c27d728fe', 'F', 9, 25000),
('a0307a5a-479b-11e3-82bc-2c27d728fe', '5339e59c-479d-11e3-82bc-2c27d728fe', 'F', 8, 30000),
('a0307a5a-479b-11e3-82bc-2c27d728fe', '5339f276-479d-11e3-82bc-2c27d728fe', 'C', 2, 35000),
('a0307b50-479b-11e3-82bc-2c27d728fe', '533a2a0a-479d-11e3-82bc-2c27d728fe', 'B', 3, 25000),
('a0307c40-479b-11e3-82bc-2c27d728fe', '5339e641-479d-11e3-82bc-2c27d728fe', 'H', 7, 25000),
('a0307c40-479b-11e3-82bc-2c27d728fe', '533a0f9f-479d-11e3-82bc-2c27d728fe', 'I', 3, 25000),
('a0307c40-479b-11e3-82bc-2c27d728fe', '533a32b7-479d-11e3-82bc-2c27d728fe', 'I', 2, 30000),
('a0307d33-479b-11e3-82bc-2c27d728fe', '533a037b-479d-11e3-82bc-2c27d728fe', 'C', 6, 25000),
('a0307d33-479b-11e3-82bc-2c27d728fe', '533a1430-479d-11e3-82bc-2c27d728fe', 'E', 7, 30000),
('a0307d33-479b-11e3-82bc-2c27d728fe', '533a1f5c-479d-11e3-82bc-2c27d728fe', 'G', 9, 30000),
('a0307e35-479b-11e3-82bc-2c27d728fe', '533a0db1-479d-11e3-82bc-2c27d728fe', 'C', 7, 35000),
('a0307f24-479b-11e3-82bc-2c27d728fe', '5339ef29-479d-11e3-82bc-2c27d728fe', 'B', 9, 30000),
('a0307f24-479b-11e3-82bc-2c27d728fe', '533a0772-479d-11e3-82bc-2c27d728fe', 'F', 9, 25000),
('a0307f24-479b-11e3-82bc-2c27d728fe', '533a1903-479d-11e3-82bc-2c27d728fe', 'F', 8, 35000),
('a0307f24-479b-11e3-82bc-2c27d728fe', '533a3106-479d-11e3-82bc-2c27d728fe', 'D', 9, 35000),
('a0307f24-479b-11e3-82bc-2c27d728fe', '533a4073-479d-11e3-82bc-2c27d728fe', 'A', 9, 25000),
('a030810e-479b-11e3-82bc-2c27d728fe', '5339fc46-479d-11e3-82bc-2c27d728fe', 'B', 2, 25000),
('a0308212-479b-11e3-82bc-2c27d728fe', '533a1c51-479d-11e3-82bc-2c27d728fe', 'G', 3, 35000),
('a0308212-479b-11e3-82bc-2c27d728fe', '533a2df9-479d-11e3-82bc-2c27d728fe', 'D', 1, 30000),
('a0308212-479b-11e3-82bc-2c27d728fe', '533a389e-479d-11e3-82bc-2c27d728fe', 'G', 6, 25000),
('a030830f-479b-11e3-82bc-2c27d728fe', '533a03d1-479d-11e3-82bc-2c27d728fe', 'D', 2, 30000),
('a030830f-479b-11e3-82bc-2c27d728fe', '533a1f01-479d-11e3-82bc-2c27d728fe', 'F', 2, 35000),
('a0308403-479b-11e3-82bc-2c27d728fe', '5339eed6-479d-11e3-82bc-2c27d728fe', 'A', 7, 30000),
('a03084f7-479b-11e3-82bc-2c27d728fe', '5339e54b-479d-11e3-82bc-2c27d728fe', 'E', 1, 35000),
('a03084f7-479b-11e3-82bc-2c27d728fe', '5339ee28-479d-11e3-82bc-2c27d728fe', 'H', 7, 25000),
('a03084f7-479b-11e3-82bc-2c27d728fe', '533a0225-479d-11e3-82bc-2c27d728fe', 'B', 8, 25000),
('a03085f1-479b-11e3-82bc-2c27d728fe', '5339eafe-479d-11e3-82bc-2c27d728fe', 'C', 7, 25000),
('a03085f1-479b-11e3-82bc-2c27d728fe', '5339f6f3-479d-11e3-82bc-2c27d728fe', 'F', 8, 30000),
('a03085f1-479b-11e3-82bc-2c27d728fe', '5339f7ef-479d-11e3-82bc-2c27d728fe', 'I', 3, 35000),
('a03085f1-479b-11e3-82bc-2c27d728fe', '533a04cf-479d-11e3-82bc-2c27d728fe', 'G', 7, 35000),
('a03086e6-479b-11e3-82bc-2c27d728fe', '5339e795-479d-11e3-82bc-2c27d728fe', 'C', 4, 30000),
('a03086e6-479b-11e3-82bc-2c27d728fe', '533a2be5-479d-11e3-82bc-2c27d728fe', 'G', 1, 30000),
('a03087e2-479b-11e3-82bc-2c27d728fe', '533a37e8-479d-11e3-82bc-2c27d728fe', 'E', 3, 35000),
('a03088d1-479b-11e3-82bc-2c27d728fe', '5339e93b-479d-11e3-82bc-2c27d728fe', 'H', 1, 35000),
('a03088d1-479b-11e3-82bc-2c27d728fe', '5339f9e7-479d-11e3-82bc-2c27d728fe', 'F', 7, 30000),
('a03089d4-479b-11e3-82bc-2c27d728fe', '5339e88e-479d-11e3-82bc-2c27d728fe', 'F', 7, 30000),
('a03089d4-479b-11e3-82bc-2c27d728fe', '5339f1ce-479d-11e3-82bc-2c27d728fe', 'A', 7, 30000),
('a03089d4-479b-11e3-82bc-2c27d728fe', '5339f4fc-479d-11e3-82bc-2c27d728fe', 'I', 8, 30000),
('a03089d4-479b-11e3-82bc-2c27d728fe', '533a06c8-479d-11e3-82bc-2c27d728fe', 'D', 1, 30000),
('a03089d4-479b-11e3-82bc-2c27d728fe', '533a0960-479d-11e3-82bc-2c27d728fe', 'C', 9, 35000),
('a0308bbe-479b-11e3-82bc-2c27d728fe', '533a1a54-479d-11e3-82bc-2c27d728fe', 'A', 6, 35000),
('a03091d7-479b-11e3-82bc-2c27d728fe', '5339ff8e-479d-11e3-82bc-2c27d728fe', 'C', 6, 25000),
('a03091d7-479b-11e3-82bc-2c27d728fe', '533a0088-479d-11e3-82bc-2c27d728fe', 'F', 5, 35000),
('a03091d7-479b-11e3-82bc-2c27d728fe', '533a0d5c-479d-11e3-82bc-2c27d728fe', 'B', 8, 30000),
('a03091d7-479b-11e3-82bc-2c27d728fe', '533a3c0f-479d-11e3-82bc-2c27d728fe', 'H', 5, 30000),
('a03092d1-479b-11e3-82bc-2c27d728fe', '5339e69e-479d-11e3-82bc-2c27d728fe', 'I', 8, 35000),
('a03092d1-479b-11e3-82bc-2c27d728fe', '5339f223-479d-11e3-82bc-2c27d728fe', 'B', 5, 25000),
('a03092d1-479b-11e3-82bc-2c27d728fe', '5339f847-479d-11e3-82bc-2c27d728fe', 'A', 5, 25000),
('a03093c9-479b-11e3-82bc-2c27d728fe', '5339e4f9-479d-11e3-82bc-2c27d728fe', 'D', 9, 30000),
('a03093c9-479b-11e3-82bc-2c27d728fe', '533a0576-479d-11e3-82bc-2c27d728fe', 'I', 9, 25000),
('a03093c9-479b-11e3-82bc-2c27d728fe', '533a14d8-479d-11e3-82bc-2c27d728fe', 'G', 5, 25000),
('a03093c9-479b-11e3-82bc-2c27d728fe', '533a2d9f-479d-11e3-82bc-2c27d728fe', 'C', 1, 30000),
('a03093c9-479b-11e3-82bc-2c27d728fe', '533a3052-479d-11e3-82bc-2c27d728fe', 'B', 1, 30000),
('a03093c9-479b-11e3-82bc-2c27d728fe', '533a47ab-479d-11e3-82bc-2c27d728fe', 'I', 5, 35000),
('a03094ce-479b-11e3-82bc-2c27d728fe', '5339fee4-479d-11e3-82bc-2c27d728fe', 'A', 2, 25000),
('a03095df-479b-11e3-82bc-2c27d728fe', '5339efd6-479d-11e3-82bc-2c27d728fe', 'D', 7, 30000),
('a03095df-479b-11e3-82bc-2c27d728fe', '533a05c8-479d-11e3-82bc-2c27d728fe', 'A', 6, 35000),
('a03096d2-479b-11e3-82bc-2c27d728fe', '5339f799-479d-11e3-82bc-2c27d728fe', 'H', 2, 25000),
('a03096d2-479b-11e3-82bc-2c27d728fe', '5339fceb-479d-11e3-82bc-2c27d728fe', 'D', 9, 30000),
('a03096d2-479b-11e3-82bc-2c27d728fe', '533a30ae-479d-11e3-82bc-2c27d728fe', 'C', 1, 25000),
('a03097be-479b-11e3-82bc-2c27d728fe', '533a16b8-479d-11e3-82bc-2c27d728fe', 'H', 6, 30000),
('a03097be-479b-11e3-82bc-2c27d728fe', '533a180a-479d-11e3-82bc-2c27d728fe', 'C', 9, 35000),
('a03097be-479b-11e3-82bc-2c27d728fe', '533a1ca4-479d-11e3-82bc-2c27d728fe', 'H', 3, 35000),
('a03097be-479b-11e3-82bc-2c27d728fe', '533a3f68-479d-11e3-82bc-2c27d728fe', 'G', 7, 25000),
('a03098bc-479b-11e3-82bc-2c27d728fe', '5339f69f-479d-11e3-82bc-2c27d728fe', 'E', 3, 30000),
('a03099bd-479b-11e3-82bc-2c27d728fe', '5339f3a8-479d-11e3-82bc-2c27d728fe', 'E', 1, 35000),
('a0309aba-479b-11e3-82bc-2c27d728fe', '5339eb4e-479d-11e3-82bc-2c27d728fe', 'D', 4, 25000),
('a0309aba-479b-11e3-82bc-2c27d728fe', '5339f3fa-479d-11e3-82bc-2c27d728fe', 'F', 9, 25000),
('a0309aba-479b-11e3-82bc-2c27d728fe', '5339ffe0-479d-11e3-82bc-2c27d728fe', 'D', 5, 25000),
('a0309aba-479b-11e3-82bc-2c27d728fe', '533a0d06-479d-11e3-82bc-2c27d728fe', 'A', 6, 25000),
('a0309aba-479b-11e3-82bc-2c27d728fe', '533a0ff2-479d-11e3-82bc-2c27d728fe', 'A', 7, 30000),
('a0309bab-479b-11e3-82bc-2c27d728fe', '5339e742-479d-11e3-82bc-2c27d728fe', 'B', 6, 30000),
('a0309c9f-479b-11e3-82bc-2c27d728fe', '5339e9e6-479d-11e3-82bc-2c27d728fe', 'A', 8, 35000),
('a0309c9f-479b-11e3-82bc-2c27d728fe', '5339fd3d-479d-11e3-82bc-2c27d728fe', 'E', 6, 35000),
('a0309c9f-479b-11e3-82bc-2c27d728fe', '533a1149-479d-11e3-82bc-2c27d728fe', 'E', 8, 35000),
('a0309da4-479b-11e3-82bc-2c27d728fe', '5339fbf4-479d-11e3-82bc-2c27d728fe', 'A', 7, 35000),
('a0309da4-479b-11e3-82bc-2c27d728fe', '5339fe3a-479d-11e3-82bc-2c27d728fe', 'H', 4, 25000),
('a0309da4-479b-11e3-82bc-2c27d728fe', '533a00d9-479d-11e3-82bc-2c27d728fe', 'G', 3, 35000),
('a0309da4-479b-11e3-82bc-2c27d728fe', '533a0e02-479d-11e3-82bc-2c27d728fe', 'D', 9, 30000),
('a0309da4-479b-11e3-82bc-2c27d728fe', '533a2b35-479d-11e3-82bc-2c27d728fe', 'E', 1, 35000),
('a0309e99-479b-11e3-82bc-2c27d728fe', '533a012f-479d-11e3-82bc-2c27d728fe', 'H', 8, 30000),
('a0309f87-479b-11e3-82bc-2c27d728fe', '5339f34d-479d-11e3-82bc-2c27d728fe', 'D', 3, 30000),
('a0309f87-479b-11e3-82bc-2c27d728fe', '533a0184-479d-11e3-82bc-2c27d728fe', 'I', 5, 25000),
('a030a07d-479b-11e3-82bc-2c27d728fe', '533a0421-479d-11e3-82bc-2c27d728fe', 'E', 9, 35000);

-- --------------------------------------------------------

--
-- Table structure for table `location`
--

CREATE TABLE IF NOT EXISTS `location` (
  `LocationId` varchar(34) NOT NULL,
  `LocationName` varchar(100) NOT NULL,
  `Address` varchar(255) NOT NULL,
  PRIMARY KEY (`LocationId`)
) ENGINE=InnoDB DEFAULT CHARSET=latin1;

--
-- Dumping data for table `location`
--

INSERT INTO `location` (`LocationId`, `LocationName`, `Address`) VALUES
('01235c65-46ec-11e3-b1d3-c80aa9a0', 'Syahdan', 'Jl. KH Anywhere 11, Jakarta'),
('0123631c-46ec-11e3-b1d3-c80aa9a0', 'Anggrek', 'Jl. KH Anywhere 12, Jakarta'),
('01236432-46ec-11e3-b1d3-c80aa9a0', 'Kijang', 'Jl. KH Anywhere 13, Jakarta'),
('01236515-46ec-11e3-b1d3-c80aa9a0', 'JWC', 'Jl. KH Anywhere 14, Jakarta'),
('012366e3-46ec-11e3-b1d3-c80aa9a0', 'Simprug', 'Jl. KH Anywhere 15, Jakarta'),
('012367d7-46ec-11e3-b1d3-c80aa9a0', 'Serpong', 'Jl. KH Anywhere 16, Tangerang'),
('012368a0-46ec-11e3-b1d3-c80aa9a0', 'Alam Sutera', 'Jl. KH Anywhere 17, Tangerang');

-- --------------------------------------------------------

--
-- Table structure for table `movies`
--

CREATE TABLE IF NOT EXISTS `movies` (
  `MovieId` varchar(255) NOT NULL,
  `MovieName` varchar(255) DEFAULT NULL,
  `Genre` varchar(255) DEFAULT NULL,
  `Sutradara` varchar(255) DEFAULT NULL,
  `Company` varchar(255) DEFAULT NULL,
  `Category` varchar(255) DEFAULT NULL,
  `Rating` int(11) DEFAULT NULL,
  `DateStart` varchar(255) DEFAULT NULL,
  `DateEnd` varchar(255) DEFAULT NULL,
  `Duration` int(11) DEFAULT NULL,
  `Synopsis` varchar(255) DEFAULT NULL,
  `Image` varchar(255) DEFAULT NULL,
  `Note` varchar(255) DEFAULT NULL,
  PRIMARY KEY (`MovieId`)
) ENGINE=InnoDB DEFAULT CHARSET=latin1;

--
-- Dumping data for table `movies`
--

INSERT INTO `movies` (`MovieId`, `MovieName`, `Genre`, `Sutradara`, `Company`, `Category`, `Rating`, `DateStart`, `DateEnd`, `Duration`, `Synopsis`, `Image`, `Note`) VALUES
('1b176663-46f3-11e3-b1d3-c80aa9a0db', 'Iron Man 3', 'Action,Adventure,Fantasy', 'Shane Black', 'Marvel Studios', 'PG', 5, '2013-11-07', '2013-11-24', 130, 'When Tony Stark world is torn apart by a formidable terrorist called the Mandarin, he starts an odyssey of rebuilding and retribution.', '1.jpg', 'Ke1Y3P9D0Bc'),
('1c176663-46f3-11e3-b1d3-c80aa9a0db', 'Despicable Me 2', 'Animation,Adventure,Comedy', 'Pierre Coffin and Chris Renaud', 'Universal Pictures / Illumination Entertainment', 'PG13', 5, '2013-11-05', '2013-11-23', 98, 'Gru is recruited by the Anti-Villain League to help deal with a powerful new super criminal.', '2.jpg', 'HwXbtZXjbVE'),
('1c1767c6-46f3-11e3-b1d3-c80aa9a0db', 'Fast & Furious 6', 'Action,Crime,Thriller', 'Justin Lin', 'Universal Pictures', 'PG13', 5, '2013-11-05', '2013-11-25', 130, 'Hobbs has Dom and Brian reassemble their crew in order to take down a mastermind who commands an organization of mercenary drivers across 12 countries. Payment? Full pardons for them all.', '3.jpg', 'dKi5XoeTN0k'),
('1c176914-46f3-11e3-b1d3-c80aa9a0db', 'Monsters University', 'Animation,Adventure,Comedy', 'Dan Scanlon', 'Walt Disney Pictures/ Pixar', 'PG13', 4, '2013-11-10', '2013-11-26', 104, 'A look at the relationship between Mike and Sulley during their days at Monsters University -- when they werenot necessarily the best of friends.', '4.jpg', 'xBzPioph8CI'),
('1c176a66-46f3-11e3-b1d3-c80aa9a0db', 'Man of Steel', 'Action,Adventure,Fantasy', 'Zack Snyder', 'Warner Bros./Legendary Pictures', 'PG', 3, '2013-11-09', '2013-11-27', 143, 'A young itinerant worker is forced to confront his secret extraterrestrial heritage when Earth is invaded by members of his race.', '5.jpg', 'T6DJcgm3wNY'),
('1c176b9a-46f3-11e3-b1d3-c80aa9a0db', 'The Croods', 'Animation,Adventure,Comedy', 'Kirk DeMicco and Chris Sanders', '20th Century Fox/DreamWorks Animation', 'PG', 3, '2013-11-14', '2013-12-05', 98, 'After their cave is destroyed, a caveman family must trek through an unfamiliar fantastical world with the help of an inventive boy.', '6.jpg', 'VeG3Zmk08UU'),
('1c176cd2-46f3-11e3-b1d3-c80aa9a0db', 'World War Z', 'Action,Adventure,Horror', 'Marc Forster', 'Paramount Pictures', 'G', 4, '2013-11-13', '2013-11-30', 116, 'United Nations employee Gerry Lane traverses the world in a race against time to stop the Zombie pandemic that is toppling armies and governments, and threatening to destroy humanity itself.', '7.jpg', 'HcwTxRuq-uk'),
('1c176e1b-46f3-11e3-b1d3-c80aa9a0db', 'Oz the Great and Powerful', 'Adventure,Family,Fantasy', 'Sam Raimi', 'Walt Disney Pictures', 'PG', 4, '2013-11-11', '2013-11-26', 130, 'A small-time magician is swept away to an enchanted land and is forced into a power struggle between three witches.', '8.jpg', 'DylgNj4YQVc'),
('1c176f58-46f3-11e3-b1d3-c80aa9a0db', 'Star Trek Into Darkness', 'Action,Adventure,Sci-Fi', 'J. J. Abrams', 'Paramount Pictures/Bad Robot Productions', 'PG13', 4, '2013-11-14', '2013-12-02', 132, 'After the crew of the Enterprise find an unstoppable force of terror from within their own organization, Captain Kirk leads a manhunt to a war-zone world to capture a one man weapon of mass destruction.', '9.jpg', 'QAEkuVgt6Aw'),
('1c177098-46f3-11e3-b1d3-c80aa9a0db', 'Gravity', 'Drama,Sci-Fi,Thriller', 'Alfonso Cuarn', 'Warner Bros.', 'NC21', 4, '2013-11-07', '2013-11-28', 91, 'A medical engineer and an astronaut work together to survive after an accident leaves them adrift in space.', '10.jpg', 'OiTiKOy59o4'),
('1c1771aa-46f3-11e3-b1d3-c80aa9a0db', 'The Wolverine', 'Action,Adventure,Fantasy', 'James Mangold', '20th Century Fox/Marvel Studios', 'PG13', 5, '2013-11-12', '2013-12-03', 126, 'When Wolverine is summoned to Japan by an old acquaintance, he is embroiled in a conflict that forces him to confront his own demons.', '11.jpg', 'g7kdUy5_WlI'),
('1c1772e2-46f3-11e3-b1d3-c80aa9a0db', 'Pacific Rim', 'Action,Adventure,Sci-Fi', 'Guillermo del Toro', 'Warner Bros./Legendary Pictures', 'PG', 5, '2013-11-10', '2013-11-27', 131, 'As a war between humankind and monstrous sea creatures wages on, a former pilot and a trainee are paired up to drive a seemingly obsolete special weapon in a desperate effort to save the world from the apocalypse.', '12.jpg', '5guMumPFBag'),
('1c177434-46f3-11e3-b1d3-c80aa9a0db', 'G.I. Joe: Retaliation', 'Action,Adventure,Sci-Fi', 'Jon Chu', 'Paramount Pictures/MGM', 'PG13', 5, '2013-11-04', '2013-11-25', 110, 'The G.I. Joes are not only fighting their mortal enemy Cobra; they are forced to contend with threats from within the government that jeopardize their very existence.', '13.jpg', 'jqW6ynaPXHU'),
('1c177575-46f3-11e3-b1d3-c80aa9a0db', 'Now You See Me', 'Crime,Mystery,Thriller', 'Louis Leterrier', 'Summit Entertainment', 'R', 3, '2013-11-10', '2013-11-29', 115, 'An FBI agent and an Interpol detective track a team of illusionists who pull off bank heists during their performances and reward their audiences with the money.', '14.jpg', 'KzJNYYkkhzc'),
('42f45453-5c32-49a2-bd4d-03da0f4f38b2', 'Super ', 'Action', 'Super ', 'Super ', 'G', 1, '2013-11-11', '2013-11-20', 213, 'Super ', '14.jpg', 'KzJNYYkkhzc');

-- --------------------------------------------------------

--
-- Table structure for table `msuser`
--

CREATE TABLE IF NOT EXISTS `msuser` (
  `UserId` varchar(255) NOT NULL,
  `UserName` varchar(100) NOT NULL,
  `Password` varchar(255) DEFAULT NULL,
  `FullName` varchar(255) DEFAULT NULL,
  `Gender` varchar(255) DEFAULT NULL,
  `Role` varchar(255) DEFAULT NULL,
  `Genre` varchar(100) NOT NULL,
  `DateOfBirth` varchar(255) DEFAULT NULL,
  PRIMARY KEY (`UserId`)
) ENGINE=InnoDB DEFAULT CHARSET=latin1;

--
-- Dumping data for table `msuser`
--

INSERT INTO `msuser` (`UserId`, `UserName`, `Password`, `FullName`, `Gender`, `Role`, `Genre`, `DateOfBirth`) VALUES
('2011276f-46eb-11e3-b1d3-c80aa9a0', 'Kelvin', '0cc175b9c0f1b6a831c399e269772661', 'Kelvin', 'Male', 'Admin', '', '1993-04-07'),
('20112d3b-46eb-11e3-b1d3-c80aa9a0', 'Kevin', '0cc175b9c0f1b6a831c399e269772661', 'Kevin', 'Male', 'Admin', '', '1993-04-08'),
('20112e7b-46eb-11e3-b1d3-c80aa9a0', 'Gian', '0cc175b9c0f1b6a831c399e269772661', 'Gian', 'Male', 'Admin', '', '1993-04-09'),
('20112f6f-46eb-11e3-b1d3-c80aa9a0', 'Ferry', '0cc175b9c0f1b6a831c399e269772661', 'Ferry', 'Male', 'Admin', '', '1993-04-10'),
('20113045-46eb-11e3-b1d3-c80aa9a0', 'Hinardi', '0cc175b9c0f1b6a831c399e269772661', 'Hinardi', 'Male', 'Admin', '', '1993-04-11'),
('20113123-46eb-11e3-b1d3-c80aa9a0', 'Yoedi', '0cc175b9c0f1b6a831c399e269772661', 'Yoedi', 'Male', 'Admin', '', '1993-04-12'),
('201131fe-46eb-11e3-b1d3-c80aa9a0', 'Fikri', '0cc175b9c0f1b6a831c399e269772661', 'Fikri', 'Male', 'Admin', '', '1993-04-13'),
('201132e0-46eb-11e3-b1d3-c80aa9a0', 'Kurniawan', '0cc175b9c0f1b6a831c399e269772661', 'Kurniawan', 'Male', 'Admin', '', '1993-04-14'),
('b3503ae2-4b65-11e3-ae5d-c80aa9a0', 'Yody', '0cc175b9c0f1b6a831c399e269772661', 'Yody', 'Female', 'Commedy', '', '1993-06-20'),
('db7898c0-4b65-11e3-ae5d-c80aa9a0', 'admin05sat', '0cc175b9c0f1b6a831c399e269772661', 'admin05sat', 'Male', 'admin', '', '2013-11-07');

-- --------------------------------------------------------

--
-- Table structure for table `playing`
--

CREATE TABLE IF NOT EXISTS `playing` (
  `PlayingId` varchar(34) NOT NULL,
  `PlayingDate` date NOT NULL,
  `AuditoriumId` varchar(34) NOT NULL,
  PRIMARY KEY (`PlayingId`),
  KEY `AuditoriumId` (`AuditoriumId`)
) ENGINE=InnoDB DEFAULT CHARSET=latin1;

--
-- Dumping data for table `playing`
--

INSERT INTO `playing` (`PlayingId`, `PlayingDate`, `AuditoriumId`) VALUES
('06a99ec4-4797-11e3-82bc-2c27d728fe', '2013-11-12', 'f3f2fcef-46ed-11e3-b1d3-c80aa9a0db'),
('06a9a242-4797-11e3-82bc-2c27d728fe', '2013-11-13', 'f3f302d9-46ed-11e3-b1d3-c80aa9a0db'),
('06a9a2e0-4797-11e3-82bc-2c27d728fe', '2013-11-14', 'f3f30466-46ed-11e3-b1d3-c80aa9a0db'),
('06a9a36b-4797-11e3-82bc-2c27d728fe', '2013-11-07', 'f3f305ab-46ed-11e3-b1d3-c80aa9a0db'),
('06a9a403-4797-11e3-82bc-2c27d728fe', '2013-11-07', 'f3f306e4-46ed-11e3-b1d3-c80aa9a0db'),
('06a9a497-4797-11e3-82bc-2c27d728fe', '2013-11-07', 'f3f30820-46ed-11e3-b1d3-c80aa9a0db'),
('06a9a522-4797-11e3-82bc-2c27d728fe', '2013-11-07', 'f3f30947-46ed-11e3-b1d3-c80aa9a0db'),
('06a9a5a9-4797-11e3-82bc-2c27d728fe', '2013-11-07', 'f3f30a88-46ed-11e3-b1d3-c80aa9a0db'),
('06a9a62b-4797-11e3-82bc-2c27d728fe', '2013-11-07', 'f3f30bd5-46ed-11e3-b1d3-c80aa9a0db'),
('06a9a6b4-4797-11e3-82bc-2c27d728fe', '2013-11-07', 'f3f30d05-46ed-11e3-b1d3-c80aa9a0db'),
('06a9a735-4797-11e3-82bc-2c27d728fe', '2013-11-07', 'f3f30e2c-46ed-11e3-b1d3-c80aa9a0db'),
('06a9a7b6-4797-11e3-82bc-2c27d728fe', '2013-11-07', 'f3f30f5c-46ed-11e3-b1d3-c80aa9a0db'),
('06a9a83a-4797-11e3-82bc-2c27d728fe', '2013-11-07', 'f3f310ae-46ed-11e3-b1d3-c80aa9a0db'),
('06a9a8c4-4797-11e3-82bc-2c27d728fe', '2013-11-07', 'f3f311dd-46ed-11e3-b1d3-c80aa9a0db'),
('06a9a949-4797-11e3-82bc-2c27d728fe', '2013-11-07', 'f3f3131a-46ed-11e3-b1d3-c80aa9a0db'),
('06a9a9ca-4797-11e3-82bc-2c27d728fe', '2013-11-07', 'f3f31441-46ed-11e3-b1d3-c80aa9a0db'),
('06a9aa4b-4797-11e3-82bc-2c27d728fe', '2013-11-07', 'f3f31597-46ed-11e3-b1d3-c80aa9a0db'),
('06a9aad5-4797-11e3-82bc-2c27d728fe', '2013-11-07', 'f3f316e9-46ed-11e3-b1d3-c80aa9a0db'),
('06a9ab59-4797-11e3-82bc-2c27d728fe', '2013-11-07', 'f3f3182e-46ed-11e3-b1d3-c80aa9a0db'),
('06a9abd9-4797-11e3-82bc-2c27d728fe', '2013-11-07', 'f3f31b45-46ed-11e3-b1d3-c80aa9a0db'),
('06a9ac5c-4797-11e3-82bc-2c27d728fe', '2013-11-08', 'f3f2fcef-46ed-11e3-b1d3-c80aa9a0db'),
('06a9ace3-4797-11e3-82bc-2c27d728fe', '2013-11-08', 'f3f302d9-46ed-11e3-b1d3-c80aa9a0db'),
('06a9ad66-4797-11e3-82bc-2c27d728fe', '2013-11-08', 'f3f30466-46ed-11e3-b1d3-c80aa9a0db'),
('06a9ade5-4797-11e3-82bc-2c27d728fe', '2013-11-08', 'f3f305ab-46ed-11e3-b1d3-c80aa9a0db'),
('06a9b00d-4797-11e3-82bc-2c27d728fe', '2013-11-08', 'f3f306e4-46ed-11e3-b1d3-c80aa9a0db'),
('06a9b097-4797-11e3-82bc-2c27d728fe', '2013-11-08', 'f3f30820-46ed-11e3-b1d3-c80aa9a0db'),
('06a9b114-4797-11e3-82bc-2c27d728fe', '2013-11-08', 'f3f30947-46ed-11e3-b1d3-c80aa9a0db'),
('06a9ba74-4797-11e3-82bc-2c27d728fe', '2013-11-08', 'f3f30a88-46ed-11e3-b1d3-c80aa9a0db'),
('06a9bb05-4797-11e3-82bc-2c27d728fe', '2013-11-08', 'f3f30bd5-46ed-11e3-b1d3-c80aa9a0db'),
('06a9bb8c-4797-11e3-82bc-2c27d728fe', '2013-11-08', 'f3f30d05-46ed-11e3-b1d3-c80aa9a0db'),
('06a9bc11-4797-11e3-82bc-2c27d728fe', '2013-11-08', 'f3f30e2c-46ed-11e3-b1d3-c80aa9a0db'),
('06a9bc90-4797-11e3-82bc-2c27d728fe', '2013-11-08', 'f3f30f5c-46ed-11e3-b1d3-c80aa9a0db'),
('06a9bd11-4797-11e3-82bc-2c27d728fe', '2013-11-08', 'f3f310ae-46ed-11e3-b1d3-c80aa9a0db'),
('06a9bd97-4797-11e3-82bc-2c27d728fe', '2013-11-08', 'f3f311dd-46ed-11e3-b1d3-c80aa9a0db'),
('06a9be18-4797-11e3-82bc-2c27d728fe', '2013-11-08', 'f3f3131a-46ed-11e3-b1d3-c80aa9a0db'),
('06a9be9b-4797-11e3-82bc-2c27d728fe', '2013-11-08', 'f3f31441-46ed-11e3-b1d3-c80aa9a0db'),
('06a9bf18-4797-11e3-82bc-2c27d728fe', '2013-11-08', 'f3f31597-46ed-11e3-b1d3-c80aa9a0db'),
('06a9bf9e-4797-11e3-82bc-2c27d728fe', '2013-11-08', 'f3f316e9-46ed-11e3-b1d3-c80aa9a0db'),
('06a9c025-4797-11e3-82bc-2c27d728fe', '2013-11-08', 'f3f3182e-46ed-11e3-b1d3-c80aa9a0db'),
('06a9c0a6-4797-11e3-82bc-2c27d728fe', '2013-11-08', 'f3f31b45-46ed-11e3-b1d3-c80aa9a0db'),
('06a9c129-4797-11e3-82bc-2c27d728fe', '2013-11-09', 'f3f2fcef-46ed-11e3-b1d3-c80aa9a0db'),
('06a9cda2-4797-11e3-82bc-2c27d728fe', '2013-11-09', 'f3f302d9-46ed-11e3-b1d3-c80aa9a0db'),
('06a9ce4f-4797-11e3-82bc-2c27d728fe', '2013-11-09', 'f3f30466-46ed-11e3-b1d3-c80aa9a0db'),
('06a9ceea-4797-11e3-82bc-2c27d728fe', '2013-11-09', 'f3f305ab-46ed-11e3-b1d3-c80aa9a0db'),
('06a9cf7d-4797-11e3-82bc-2c27d728fe', '2013-11-09', 'f3f306e4-46ed-11e3-b1d3-c80aa9a0db'),
('06a9d014-4797-11e3-82bc-2c27d728fe', '2013-11-09', 'f3f30820-46ed-11e3-b1d3-c80aa9a0db'),
('06a9d0a1-4797-11e3-82bc-2c27d728fe', '2013-11-09', 'f3f30947-46ed-11e3-b1d3-c80aa9a0db'),
('06a9d12d-4797-11e3-82bc-2c27d728fe', '2013-11-09', 'f3f30a88-46ed-11e3-b1d3-c80aa9a0db'),
('06a9d1b7-4797-11e3-82bc-2c27d728fe', '2013-11-09', 'f3f30bd5-46ed-11e3-b1d3-c80aa9a0db'),
('06a9d247-4797-11e3-82bc-2c27d728fe', '2013-11-09', 'f3f30d05-46ed-11e3-b1d3-c80aa9a0db'),
('06a9d2d7-4797-11e3-82bc-2c27d728fe', '2013-11-09', 'f3f30e2c-46ed-11e3-b1d3-c80aa9a0db'),
('06a9d360-4797-11e3-82bc-2c27d728fe', '2013-11-09', 'f3f30f5c-46ed-11e3-b1d3-c80aa9a0db'),
('06a9d3e9-4797-11e3-82bc-2c27d728fe', '2013-11-09', 'f3f310ae-46ed-11e3-b1d3-c80aa9a0db'),
('06a9d47c-4797-11e3-82bc-2c27d728fe', '2013-11-09', 'f3f311dd-46ed-11e3-b1d3-c80aa9a0db'),
('06a9d512-4797-11e3-82bc-2c27d728fe', '2013-11-09', 'f3f3131a-46ed-11e3-b1d3-c80aa9a0db'),
('06a9d5a0-4797-11e3-82bc-2c27d728fe', '2013-11-09', 'f3f31441-46ed-11e3-b1d3-c80aa9a0db'),
('06a9da73-4797-11e3-82bc-2c27d728fe', '2013-11-09', 'f3f31597-46ed-11e3-b1d3-c80aa9a0db'),
('06a9db11-4797-11e3-82bc-2c27d728fe', '2013-11-09', 'f3f316e9-46ed-11e3-b1d3-c80aa9a0db'),
('06a9dba1-4797-11e3-82bc-2c27d728fe', '2013-11-09', 'f3f3182e-46ed-11e3-b1d3-c80aa9a0db'),
('06a9dc2f-4797-11e3-82bc-2c27d728fe', '2013-11-09', 'f3f31b45-46ed-11e3-b1d3-c80aa9a0db');

-- --------------------------------------------------------

--
-- Table structure for table `playingdetail`
--

CREATE TABLE IF NOT EXISTS `playingdetail` (
  `PlayingDetailId` varchar(34) NOT NULL,
  `MovieId` varchar(34) NOT NULL,
  `Showtime` time NOT NULL,
  `PlayingId` varchar(34) NOT NULL,
  PRIMARY KEY (`PlayingDetailId`),
  KEY `PlayingId` (`PlayingId`),
  KEY `MovieId` (`MovieId`)
) ENGINE=InnoDB DEFAULT CHARSET=latin1;

--
-- Dumping data for table `playingdetail`
--

INSERT INTO `playingdetail` (`PlayingDetailId`, `MovieId`, `Showtime`, `PlayingId`) VALUES
('d95d04cb-4798-11e3-82bc-2c27d728fe', '1c176914-46f3-11e3-b1d3-c80aa9a0db', '14:30:00', '06a99ec4-4797-11e3-82bc-2c27d728fe'),
('d95d0753-4798-11e3-82bc-2c27d728fe', '1c176b9a-46f3-11e3-b1d3-c80aa9a0db', '21:15:00', '06a99ec4-4797-11e3-82bc-2c27d728fe'),
('d95d07fa-4798-11e3-82bc-2c27d728fe', '1c1772e2-46f3-11e3-b1d3-c80aa9a0db', '14:30:00', '06a99ec4-4797-11e3-82bc-2c27d728fe'),
('d95d0890-4798-11e3-82bc-2c27d728fe', '1c176f58-46f3-11e3-b1d3-c80aa9a0db', '18:15:00', '06a99ec4-4797-11e3-82bc-2c27d728fe'),
('d95d092f-4798-11e3-82bc-2c27d728fe', '1c177098-46f3-11e3-b1d3-c80aa9a0db', '21:15:00', '06a99ec4-4797-11e3-82bc-2c27d728fe'),
('d95d09cf-4798-11e3-82bc-2c27d728fe', '1c176b9a-46f3-11e3-b1d3-c80aa9a0db', '18:15:00', '06a9a242-4797-11e3-82bc-2c27d728fe'),
('d95d0a66-4798-11e3-82bc-2c27d728fe', '1b176663-46f3-11e3-b1d3-c80aa9a0db', '18:15:00', '06a9a242-4797-11e3-82bc-2c27d728fe'),
('d95d0afe-4798-11e3-82bc-2c27d728fe', '1c176914-46f3-11e3-b1d3-c80aa9a0db', '14:30:00', '06a9a242-4797-11e3-82bc-2c27d728fe'),
('d95d0ba3-4798-11e3-82bc-2c27d728fe', '1c1767c6-46f3-11e3-b1d3-c80aa9a0db', '14:30:00', '06a9a2e0-4797-11e3-82bc-2c27d728fe'),
('d95d0c38-4798-11e3-82bc-2c27d728fe', '1c1771aa-46f3-11e3-b1d3-c80aa9a0db', '19:00:00', '06a9a2e0-4797-11e3-82bc-2c27d728fe'),
('d95d0cd2-4798-11e3-82bc-2c27d728fe', '1c1772e2-46f3-11e3-b1d3-c80aa9a0db', '18:15:00', '06a9a2e0-4797-11e3-82bc-2c27d728fe'),
('d95d0d6c-4798-11e3-82bc-2c27d728fe', '1c176663-46f3-11e3-b1d3-c80aa9a0db', '12:15:00', '06a9a2e0-4797-11e3-82bc-2c27d728fe'),
('d95d0e0a-4798-11e3-82bc-2c27d728fe', '1c1771aa-46f3-11e3-b1d3-c80aa9a0db', '19:00:00', '06a9a2e0-4797-11e3-82bc-2c27d728fe'),
('d95d0ea1-4798-11e3-82bc-2c27d728fe', '1c1767c6-46f3-11e3-b1d3-c80aa9a0db', '20:30:00', '06a9a2e0-4797-11e3-82bc-2c27d728fe'),
('d95d0f40-4798-11e3-82bc-2c27d728fe', '1c176cd2-46f3-11e3-b1d3-c80aa9a0db', '18:15:00', '06a9a36b-4797-11e3-82bc-2c27d728fe'),
('d95d0fd6-4798-11e3-82bc-2c27d728fe', '1c176cd2-46f3-11e3-b1d3-c80aa9a0db', '20:30:00', '06a9a36b-4797-11e3-82bc-2c27d728fe'),
('d95d1078-4798-11e3-82bc-2c27d728fe', '1c177575-46f3-11e3-b1d3-c80aa9a0db', '20:30:00', '06a9a36b-4797-11e3-82bc-2c27d728fe'),
('d95d1115-4798-11e3-82bc-2c27d728fe', '1c176a66-46f3-11e3-b1d3-c80aa9a0db', '19:00:00', '06a9a36b-4797-11e3-82bc-2c27d728fe'),
('d95d11aa-4798-11e3-82bc-2c27d728fe', '1c1771aa-46f3-11e3-b1d3-c80aa9a0db', '21:15:00', '06a9a36b-4797-11e3-82bc-2c27d728fe'),
('d95d1365-4798-11e3-82bc-2c27d728fe', '1c177434-46f3-11e3-b1d3-c80aa9a0db', '14:30:00', '06a9a497-4797-11e3-82bc-2c27d728fe'),
('d95d1412-4798-11e3-82bc-2c27d728fe', '1c176914-46f3-11e3-b1d3-c80aa9a0db', '21:15:00', '06a9a497-4797-11e3-82bc-2c27d728fe'),
('d95d14b4-4798-11e3-82bc-2c27d728fe', '1c176cd2-46f3-11e3-b1d3-c80aa9a0db', '14:30:00', '06a9a497-4797-11e3-82bc-2c27d728fe'),
('d95d154b-4798-11e3-82bc-2c27d728fe', '1c176f58-46f3-11e3-b1d3-c80aa9a0db', '19:00:00', '06a9a497-4797-11e3-82bc-2c27d728fe'),
('d95d15e5-4798-11e3-82bc-2c27d728fe', '1c176a66-46f3-11e3-b1d3-c80aa9a0db', '12:15:00', '06a9a497-4797-11e3-82bc-2c27d728fe'),
('d95d1683-4798-11e3-82bc-2c27d728fe', '1c1767c6-46f3-11e3-b1d3-c80aa9a0db', '19:00:00', '06a9a497-4797-11e3-82bc-2c27d728fe'),
('d95d1715-4798-11e3-82bc-2c27d728fe', '1c176a66-46f3-11e3-b1d3-c80aa9a0db', '21:15:00', '06a9a497-4797-11e3-82bc-2c27d728fe'),
('d95d17b0-4798-11e3-82bc-2c27d728fe', '1c1771aa-46f3-11e3-b1d3-c80aa9a0db', '12:15:00', '06a9a497-4797-11e3-82bc-2c27d728fe'),
('d95d1853-4798-11e3-82bc-2c27d728fe', '1c176914-46f3-11e3-b1d3-c80aa9a0db', '14:30:00', '06a9a497-4797-11e3-82bc-2c27d728fe'),
('d95d1a67-4798-11e3-82bc-2c27d728fe', '1c176663-46f3-11e3-b1d3-c80aa9a0db', '12:15:00', '06a9a522-4797-11e3-82bc-2c27d728fe'),
('d95d1b27-4798-11e3-82bc-2c27d728fe', '1c1767c6-46f3-11e3-b1d3-c80aa9a0db', '18:15:00', '06a9a522-4797-11e3-82bc-2c27d728fe'),
('d95d1bc9-4798-11e3-82bc-2c27d728fe', '1c176914-46f3-11e3-b1d3-c80aa9a0db', '14:30:00', '06a9a5a9-4797-11e3-82bc-2c27d728fe'),
('d95d1c5e-4798-11e3-82bc-2c27d728fe', '1c176b9a-46f3-11e3-b1d3-c80aa9a0db', '12:15:00', '06a9a62b-4797-11e3-82bc-2c27d728fe'),
('d95d1cfd-4798-11e3-82bc-2c27d728fe', '1c177098-46f3-11e3-b1d3-c80aa9a0db', '20:30:00', '06a9a62b-4797-11e3-82bc-2c27d728fe'),
('d95d1d90-4798-11e3-82bc-2c27d728fe', '1c176e1b-46f3-11e3-b1d3-c80aa9a0db', '20:30:00', '06a9a62b-4797-11e3-82bc-2c27d728fe'),
('d95d1e2a-4798-11e3-82bc-2c27d728fe', '1c176914-46f3-11e3-b1d3-c80aa9a0db', '18:15:00', '06a9a62b-4797-11e3-82bc-2c27d728fe'),
('d95d1ec5-4798-11e3-82bc-2c27d728fe', '1c176914-46f3-11e3-b1d3-c80aa9a0db', '12:15:00', '06a9a62b-4797-11e3-82bc-2c27d728fe'),
('d95d1f64-4798-11e3-82bc-2c27d728fe', '1b176663-46f3-11e3-b1d3-c80aa9a0db', '21:15:00', '06a9a6b4-4797-11e3-82bc-2c27d728fe'),
('d95d1ff6-4798-11e3-82bc-2c27d728fe', '1c176cd2-46f3-11e3-b1d3-c80aa9a0db', '20:30:00', '06a9a6b4-4797-11e3-82bc-2c27d728fe'),
('d95d208b-4798-11e3-82bc-2c27d728fe', '1c1767c6-46f3-11e3-b1d3-c80aa9a0db', '18:15:00', '06a9a6b4-4797-11e3-82bc-2c27d728fe'),
('d95d22b2-4798-11e3-82bc-2c27d728fe', '1c176b9a-46f3-11e3-b1d3-c80aa9a0db', '19:00:00', '06a9a6b4-4797-11e3-82bc-2c27d728fe'),
('d95d2359-4798-11e3-82bc-2c27d728fe', '1c176a66-46f3-11e3-b1d3-c80aa9a0db', '14:30:00', '06a9a6b4-4797-11e3-82bc-2c27d728fe'),
('d95d23f7-4798-11e3-82bc-2c27d728fe', '1c176663-46f3-11e3-b1d3-c80aa9a0db', '21:15:00', '06a9a735-4797-11e3-82bc-2c27d728fe'),
('d95d2490-4798-11e3-82bc-2c27d728fe', '1c176914-46f3-11e3-b1d3-c80aa9a0db', '21:15:00', '06a9a7b6-4797-11e3-82bc-2c27d728fe'),
('d95d2522-4798-11e3-82bc-2c27d728fe', '1c1772e2-46f3-11e3-b1d3-c80aa9a0db', '14:30:00', '06a9a7b6-4797-11e3-82bc-2c27d728fe'),
('d95d25c2-4798-11e3-82bc-2c27d728fe', '1c177098-46f3-11e3-b1d3-c80aa9a0db', '19:00:00', '06a9a7b6-4797-11e3-82bc-2c27d728fe'),
('d95d2657-4798-11e3-82bc-2c27d728fe', '1c177098-46f3-11e3-b1d3-c80aa9a0db', '12:15:00', '06a9a83a-4797-11e3-82bc-2c27d728fe'),
('d95d26f0-4798-11e3-82bc-2c27d728fe', '1c176914-46f3-11e3-b1d3-c80aa9a0db', '20:30:00', '06a9a83a-4797-11e3-82bc-2c27d728fe'),
('d95d2788-4798-11e3-82bc-2c27d728fe', '1c176914-46f3-11e3-b1d3-c80aa9a0db', '12:15:00', '06a9a83a-4797-11e3-82bc-2c27d728fe'),
('d95d2828-4798-11e3-82bc-2c27d728fe', '1c177434-46f3-11e3-b1d3-c80aa9a0db', '21:15:00', '06a9a83a-4797-11e3-82bc-2c27d728fe'),
('d95d28be-4798-11e3-82bc-2c27d728fe', '1c1771aa-46f3-11e3-b1d3-c80aa9a0db', '12:15:00', '06a9a8c4-4797-11e3-82bc-2c27d728fe'),
('d95d294d-4798-11e3-82bc-2c27d728fe', '1c176663-46f3-11e3-b1d3-c80aa9a0db', '19:00:00', '06a9a8c4-4797-11e3-82bc-2c27d728fe'),
('d95d29e9-4798-11e3-82bc-2c27d728fe', '1c176914-46f3-11e3-b1d3-c80aa9a0db', '20:30:00', '06a9a8c4-4797-11e3-82bc-2c27d728fe'),
('d95d2a8b-4798-11e3-82bc-2c27d728fe', '1c1767c6-46f3-11e3-b1d3-c80aa9a0db', '21:15:00', '06a9a949-4797-11e3-82bc-2c27d728fe'),
('d95d2b26-4798-11e3-82bc-2c27d728fe', '1c177434-46f3-11e3-b1d3-c80aa9a0db', '20:30:00', '06a9a949-4797-11e3-82bc-2c27d728fe'),
('d95d2bc4-4798-11e3-82bc-2c27d728fe', '1c1767c6-46f3-11e3-b1d3-c80aa9a0db', '20:30:00', '06a9a949-4797-11e3-82bc-2c27d728fe'),
('d95d2c62-4798-11e3-82bc-2c27d728fe', '1c1772e2-46f3-11e3-b1d3-c80aa9a0db', '18:15:00', '06a9a949-4797-11e3-82bc-2c27d728fe'),
('d95d2cfe-4798-11e3-82bc-2c27d728fe', '1c177098-46f3-11e3-b1d3-c80aa9a0db', '14:30:00', '06a9a949-4797-11e3-82bc-2c27d728fe'),
('d95d2d95-4798-11e3-82bc-2c27d728fe', '1c1767c6-46f3-11e3-b1d3-c80aa9a0db', '12:15:00', '06a9a9ca-4797-11e3-82bc-2c27d728fe'),
('d95d2e35-4798-11e3-82bc-2c27d728fe', '1c176f58-46f3-11e3-b1d3-c80aa9a0db', '18:15:00', '06a9a9ca-4797-11e3-82bc-2c27d728fe'),
('d95d2ecb-4798-11e3-82bc-2c27d728fe', '1c176914-46f3-11e3-b1d3-c80aa9a0db', '21:15:00', '06a9a9ca-4797-11e3-82bc-2c27d728fe'),
('d95d318c-4798-11e3-82bc-2c27d728fe', '1c176914-46f3-11e3-b1d3-c80aa9a0db', '20:30:00', '06a9a9ca-4797-11e3-82bc-2c27d728fe'),
('d95d3226-4798-11e3-82bc-2c27d728fe', '1c176cd2-46f3-11e3-b1d3-c80aa9a0db', '21:15:00', '06a9aa4b-4797-11e3-82bc-2c27d728fe'),
('d95d32c1-4798-11e3-82bc-2c27d728fe', '1c177098-46f3-11e3-b1d3-c80aa9a0db', '14:30:00', '06a9aa4b-4797-11e3-82bc-2c27d728fe'),
('d95d3361-4798-11e3-82bc-2c27d728fe', '1c177434-46f3-11e3-b1d3-c80aa9a0db', '21:15:00', '06a9aa4b-4797-11e3-82bc-2c27d728fe'),
('d95d3404-4798-11e3-82bc-2c27d728fe', '1c176914-46f3-11e3-b1d3-c80aa9a0db', '20:30:00', '06a9aa4b-4797-11e3-82bc-2c27d728fe'),
('d95d349f-4798-11e3-82bc-2c27d728fe', '1c176a66-46f3-11e3-b1d3-c80aa9a0db', '14:30:00', '06a9aa4b-4797-11e3-82bc-2c27d728fe'),
('d95d353f-4798-11e3-82bc-2c27d728fe', '1c1771aa-46f3-11e3-b1d3-c80aa9a0db', '14:30:00', '06a9aa4b-4797-11e3-82bc-2c27d728fe'),
('d95d35d6-4798-11e3-82bc-2c27d728fe', '1c176a66-46f3-11e3-b1d3-c80aa9a0db', '19:00:00', '06a9aa4b-4797-11e3-82bc-2c27d728fe'),
('d95d3676-4798-11e3-82bc-2c27d728fe', '1c176663-46f3-11e3-b1d3-c80aa9a0db', '12:15:00', '06a9aad5-4797-11e3-82bc-2c27d728fe'),
('d95d3715-4798-11e3-82bc-2c27d728fe', '1c1771aa-46f3-11e3-b1d3-c80aa9a0db', '18:15:00', '06a9aad5-4797-11e3-82bc-2c27d728fe'),
('d95d37ae-4798-11e3-82bc-2c27d728fe', '1c177575-46f3-11e3-b1d3-c80aa9a0db', '20:30:00', '06a9aad5-4797-11e3-82bc-2c27d728fe'),
('d95d384a-4798-11e3-82bc-2c27d728fe', '1c176a66-46f3-11e3-b1d3-c80aa9a0db', '20:30:00', '06a9ab59-4797-11e3-82bc-2c27d728fe'),
('d95d38eb-4798-11e3-82bc-2c27d728fe', '1c176914-46f3-11e3-b1d3-c80aa9a0db', '19:00:00', '06a9ab59-4797-11e3-82bc-2c27d728fe'),
('d95d3984-4798-11e3-82bc-2c27d728fe', '1c177434-46f3-11e3-b1d3-c80aa9a0db', '19:00:00', '06a9ab59-4797-11e3-82bc-2c27d728fe'),
('d95d3a25-4798-11e3-82bc-2c27d728fe', '1c176914-46f3-11e3-b1d3-c80aa9a0db', '12:15:00', '06a9abd9-4797-11e3-82bc-2c27d728fe'),
('d95d3abd-4798-11e3-82bc-2c27d728fe', '1c176a66-46f3-11e3-b1d3-c80aa9a0db', '19:00:00', '06a9abd9-4797-11e3-82bc-2c27d728fe'),
('d95d3b63-4798-11e3-82bc-2c27d728fe', '1c176a66-46f3-11e3-b1d3-c80aa9a0db', '21:15:00', '06a9ac5c-4797-11e3-82bc-2c27d728fe'),
('d95d3c03-4798-11e3-82bc-2c27d728fe', '1c176914-46f3-11e3-b1d3-c80aa9a0db', '19:00:00', '06a9ac5c-4797-11e3-82bc-2c27d728fe'),
('d95d3ca0-4798-11e3-82bc-2c27d728fe', '1c177575-46f3-11e3-b1d3-c80aa9a0db', '20:30:00', '06a9ac5c-4797-11e3-82bc-2c27d728fe'),
('d95d3d34-4798-11e3-82bc-2c27d728fe', '1c177575-46f3-11e3-b1d3-c80aa9a0db', '18:15:00', '06a9ac5c-4797-11e3-82bc-2c27d728fe'),
('d95d3dd7-4798-11e3-82bc-2c27d728fe', '1c177098-46f3-11e3-b1d3-c80aa9a0db', '18:15:00', '06a9ac5c-4797-11e3-82bc-2c27d728fe'),
('d95d3e6b-4798-11e3-82bc-2c27d728fe', '1c177434-46f3-11e3-b1d3-c80aa9a0db', '20:30:00', '06a9ac5c-4797-11e3-82bc-2c27d728fe'),
('d95d3f03-4798-11e3-82bc-2c27d728fe', '1c176b9a-46f3-11e3-b1d3-c80aa9a0db', '19:00:00', '06a9ac5c-4797-11e3-82bc-2c27d728fe'),
('d95d426d-4798-11e3-82bc-2c27d728fe', '1c1772e2-46f3-11e3-b1d3-c80aa9a0db', '19:00:00', '06a9ac5c-4797-11e3-82bc-2c27d728fe'),
('d95d4311-4798-11e3-82bc-2c27d728fe', '1c176f58-46f3-11e3-b1d3-c80aa9a0db', '18:15:00', '06a9ace3-4797-11e3-82bc-2c27d728fe'),
('d95d43b1-4798-11e3-82bc-2c27d728fe', '1c176663-46f3-11e3-b1d3-c80aa9a0db', '18:15:00', '06a9ad66-4797-11e3-82bc-2c27d728fe'),
('d95d444a-4798-11e3-82bc-2c27d728fe', '1c177098-46f3-11e3-b1d3-c80aa9a0db', '20:30:00', '06a9ad66-4797-11e3-82bc-2c27d728fe'),
('d95d44e4-4798-11e3-82bc-2c27d728fe', '1c177575-46f3-11e3-b1d3-c80aa9a0db', '20:30:00', '06a9ad66-4797-11e3-82bc-2c27d728fe'),
('d95d458c-4798-11e3-82bc-2c27d728fe', '1c176cd2-46f3-11e3-b1d3-c80aa9a0db', '12:15:00', '06a9ade5-4797-11e3-82bc-2c27d728fe'),
('d95d4626-4798-11e3-82bc-2c27d728fe', '1c176a66-46f3-11e3-b1d3-c80aa9a0db', '12:15:00', '06a9ade5-4797-11e3-82bc-2c27d728fe'),
('d95d46c4-4798-11e3-82bc-2c27d728fe', '1c176b9a-46f3-11e3-b1d3-c80aa9a0db', '20:30:00', '06a9ade5-4797-11e3-82bc-2c27d728fe'),
('d95d475f-4798-11e3-82bc-2c27d728fe', '1c1771aa-46f3-11e3-b1d3-c80aa9a0db', '14:30:00', '06a9ade5-4797-11e3-82bc-2c27d728fe'),
('d95d4804-4798-11e3-82bc-2c27d728fe', '1c176b9a-46f3-11e3-b1d3-c80aa9a0db', '14:30:00', '06a9ade5-4797-11e3-82bc-2c27d728fe'),
('d95d48a4-4798-11e3-82bc-2c27d728fe', '1c176914-46f3-11e3-b1d3-c80aa9a0db', '21:15:00', '06a9b00d-4797-11e3-82bc-2c27d728fe'),
('d95d4943-4798-11e3-82bc-2c27d728fe', '1c176914-46f3-11e3-b1d3-c80aa9a0db', '18:15:00', '06a9b00d-4797-11e3-82bc-2c27d728fe'),
('d95d49e8-4798-11e3-82bc-2c27d728fe', '1c177098-46f3-11e3-b1d3-c80aa9a0db', '18:15:00', '06a9b00d-4797-11e3-82bc-2c27d728fe'),
('d95d4a8b-4798-11e3-82bc-2c27d728fe', '1c177098-46f3-11e3-b1d3-c80aa9a0db', '12:15:00', '06a9b097-4797-11e3-82bc-2c27d728fe'),
('d95d4b2c-4798-11e3-82bc-2c27d728fe', '1c1771aa-46f3-11e3-b1d3-c80aa9a0db', '20:30:00', '06a9b097-4797-11e3-82bc-2c27d728fe'),
('d95d4bc8-4798-11e3-82bc-2c27d728fe', '1c177434-46f3-11e3-b1d3-c80aa9a0db', '20:30:00', '06a9b114-4797-11e3-82bc-2c27d728fe'),
('d95d4c60-4798-11e3-82bc-2c27d728fe', '1c176a66-46f3-11e3-b1d3-c80aa9a0db', '18:15:00', '06a9b114-4797-11e3-82bc-2c27d728fe'),
('d95d4d05-4798-11e3-82bc-2c27d728fe', '1b176663-46f3-11e3-b1d3-c80aa9a0db', '14:30:00', '06a9b114-4797-11e3-82bc-2c27d728fe'),
('d95d4d9d-4798-11e3-82bc-2c27d728fe', '1c177575-46f3-11e3-b1d3-c80aa9a0db', '20:30:00', '06a9b114-4797-11e3-82bc-2c27d728fe'),
('d95d4e36-4798-11e3-82bc-2c27d728fe', '1c177434-46f3-11e3-b1d3-c80aa9a0db', '18:15:00', '06a9ba74-4797-11e3-82bc-2c27d728fe'),
('d95d4ed1-4798-11e3-82bc-2c27d728fe', '1c176e1b-46f3-11e3-b1d3-c80aa9a0db', '20:30:00', '06a9ba74-4797-11e3-82bc-2c27d728fe'),
('d95d4f69-4798-11e3-82bc-2c27d728fe', '1c177434-46f3-11e3-b1d3-c80aa9a0db', '12:15:00', '06a9bb05-4797-11e3-82bc-2c27d728fe');

-- --------------------------------------------------------

--
-- Table structure for table `reservation`
--

CREATE TABLE IF NOT EXISTS `reservation` (
  `movieid` varchar(255) NOT NULL,
  `reservationid` varchar(255) NOT NULL,
  `Row` char(1) DEFAULT NULL,
  `Seat` int(11) DEFAULT NULL,
  PRIMARY KEY (`movieid`,`reservationid`)
) ENGINE=InnoDB DEFAULT CHARSET=latin1;

--
-- Dumping data for table `reservation`
--

INSERT INTO `reservation` (`movieid`, `reservationid`, `Row`, `Seat`) VALUES
('1b176663-46f3-11e3-b1d3-c80aa9a0db', 'B3', 'B', 3),
('1b176663-46f3-11e3-b1d3-c80aa9a0db', 'B4', 'B', 4),
('1b176663-46f3-11e3-b1d3-c80aa9a0db', 'B5', 'B', 5),
('1b176663-46f3-11e3-b1d3-c80aa9a0db', 'C5', 'C', 5),
('1c1760fe-46f3-11e3-b1d3-c80aa9a0db', 'A0', 'A', 0),
('1c1760fe-46f3-11e3-b1d3-c80aa9a0db', 'A1', 'A', 1),
('1c1760fe-46f3-11e3-b1d3-c80aa9a0db', 'A2', 'A', 2),
('1c1760fe-46f3-11e3-b1d3-c80aa9a0db', 'C4', 'C', 4),
('1c1760fe-46f3-11e3-b1d3-c80aa9a0db', 'D4', 'D', 4),
('1c1760fe-46f3-11e3-b1d3-c80aa9a0db', 'G7', 'G', 7),
('1c1760fe-46f3-11e3-b1d3-c80aa9a0db', 'H7', 'H', 7),
('1c1760fe-46f3-11e3-b1d3-c80aa9a0db', 'I9', 'I', 9),
('1c176663-46f3-11e3-b1d3-c80aa9a0db', 'B1', 'B', 1),
('1c176663-46f3-11e3-b1d3-c80aa9a0db', 'C2', 'C', 2),
('1c176663-46f3-11e3-b1d3-c80aa9a0db', 'C3', 'C', 3),
('1c1767c6-46f3-11e3-b1d3-c80aa9a0db', 'A0', 'A', 0),
('1c1767c6-46f3-11e3-b1d3-c80aa9a0db', 'A9', 'A', 9),
('1c1767c6-46f3-11e3-b1d3-c80aa9a0db', 'I0', 'I', 0),
('1c1767c6-46f3-11e3-b1d3-c80aa9a0db', 'I9', 'I', 9);

/*!40101 SET CHARACTER_SET_CLIENT=@OLD_CHARACTER_SET_CLIENT */;
/*!40101 SET CHARACTER_SET_RESULTS=@OLD_CHARACTER_SET_RESULTS */;
/*!40101 SET COLLATION_CONNECTION=@OLD_COLLATION_CONNECTION */;
